[{"model": "notepad.tag", "pk": 1, "fields": {"name": "Python"}}, {"model": "notepad.tag", "pk": 2, "fields": {"name": "Django"}}, {"model": "notepad.tag", "pk": 3, "fields": {"name": "Vim"}}, {"model": "notepad.tag", "pk": 4, "fields": {"name": "SQLite"}}, {"model": "notepad.tag", "pk": 5, "fields": {"name": "VScode"}}, {"model": "notepad.tag", "pk": 7, "fields": {"name": "AWS"}}, {"model": "notepad.tag", "pk": 10, "fields": {"name": "vim"}}, {"model": "notepad.tag", "pk": 11, "fields": {"name": "SQL"}}, {"model": "notepad.tag", "pk": 16, "fields": {"name": "test"}}, {"model": "notepad.tag", "pk": 17, "fields": {"name": "Test"}}, {"model": "notepad.tag", "pk": 18, "fields": {"name": "tes"}}, {"model": "notepad.tag", "pk": 19, "fields": {"name": "\u30a4\u30f3\u30d5\u30e9"}}, {"model": "notepad.tag", "pk": 20, "fields": {"name": "tesT"}}, {"model": "notepad.tag", "pk": 21, "fields": {"name": "JavaScript"}}, {"model": "notepad.tag", "pk": 22, "fields": {"name": "tag"}}, {"model": "notepad.tag", "pk": 23, "fields": {"name": "shell"}}, {"model": "notepad.tag", "pk": 24, "fields": {"name": "bash"}}, {"model": "notepad.tag", "pk": 25, "fields": {"name": "zsh"}}, {"model": "notepad.tag", "pk": 26, "fields": {"name": "\u6a5f\u68b0\u5b66\u7fd2"}}, {"model": "notepad.tag", "pk": 27, "fields": {"name": "\u63a8\u85a6\u30b7\u30b9\u30c6\u30e0"}}, {"model": "notepad.tag", "pk": 28, "fields": {"name": "Machine Learning"}}, {"model": "notepad.tag", "pk": 29, "fields": {"name": "Recommender System"}}, {"model": "notepad.tag", "pk": 30, "fields": {"name": "Mac"}}, {"model": "notepad.tag", "pk": 31, "fields": {"name": "Git"}}, {"model": "notepad.tag", "pk": 32, "fields": {"name": "\u30de\u30fc\u30b1\u30c6\u30a3\u30f3\u30b0"}}, {"model": "notepad.note", "pk": 1, "fields": {"user": 1, "title": "Django", "describe": "Django\u306b\u95a2\u3059\u308b\u5358\u8a9e\u5e33\u3067\u3059\u3002", "public": true, "created_at": "2020-06-26T14:17:41.500Z", "updated_at": "2020-08-18T06:30:25.031Z", "tag": [1, 2]}}, {"model": "notepad.note", "pk": 2, "fields": {"user": 15, "title": "test", "describe": "test\u306e\u6295\u7a3f\u3067\u3059\uff01", "public": true, "created_at": "2020-06-30T02:50:34.826Z", "updated_at": "2020-07-07T09:38:11.135Z", "tag": [16]}}, {"model": "notepad.note", "pk": 5, "fields": {"user": 16, "title": "hoge", "describe": "hoge\u3067\u3059", "public": true, "created_at": "2020-06-30T09:07:46.065Z", "updated_at": "2020-08-13T03:50:27.695Z", "tag": [16]}}, {"model": "notepad.note", "pk": 12, "fields": {"user": 15, "title": "asdf", "describe": "Lorem ipsum dolor sit amet consectetur adipisicing elit. Ullam dolores consequuntur pariatur dignissimos, magni quos eius odit a", "public": false, "created_at": "2020-07-02T03:42:35.231Z", "updated_at": "2020-07-02T05:48:15.259Z", "tag": [16]}}, {"model": "notepad.note", "pk": 13, "fields": {"user": 1, "title": "vim\u57fa\u790e", "describe": "vim\u306e\u57fa\u672c\u7684\u306a\u30b3\u30de\u30f3\u30c9\u3092\u554f\u984c\u306b\u3057\u3066\u307e\u3059\u3002", "public": true, "created_at": "2020-07-05T07:24:31.695Z", "updated_at": "2020-07-06T09:23:08.200Z", "tag": [3]}}, {"model": "notepad.note", "pk": 14, "fields": {"user": 1, "title": "SQLite", "describe": "SQLite\u306e\u30b3\u30de\u30f3\u30c9\u96c6\u3067\u3059", "public": true, "created_at": "2020-07-07T13:59:37.333Z", "updated_at": "2020-07-07T13:59:37.333Z", "tag": [4, 11]}}, {"model": "notepad.note", "pk": 15, "fields": {"user": 1, "title": "VScode \u62e1\u5f35\u6a5f\u80fd", "describe": "VScode\u306e\u4fbf\u5229\u306a\u62e1\u5f35\u6a5f\u80fd\u3092\u307e\u3068\u3081\u3066\u307e\u3059\uff01", "public": true, "created_at": "2020-07-07T15:45:29.227Z", "updated_at": "2020-07-09T00:50:03.761Z", "tag": []}}, {"model": "notepad.note", "pk": 16, "fields": {"user": 1, "title": "JavaScirpt \u57fa\u790e", "describe": "JavaScript\u521d\u5fc3\u8005\u3080\u3051\u306e\u554f\u984c\u3067\u3059\uff01\r\n\r\n(JavaScript \u5165\u9580\u3092\u7d42\u3048\u3066\u304b\u3089\u6311\u6226\u3057\u3066\u304f\u3060\u3055\u3044\u3002)", "public": true, "created_at": "2020-07-08T01:15:35.499Z", "updated_at": "2020-07-14T03:46:45.038Z", "tag": [21]}}, {"model": "notepad.note", "pk": 17, "fields": {"user": 1, "title": "VScode \u30b3\u30de\u30f3\u30c9", "describe": "VScode\u306e\u4fbf\u5229\u306a\u30b3\u30de\u30f3\u30c9\u96c6\u3067\u3059\uff01", "public": true, "created_at": "2020-07-09T00:51:56.231Z", "updated_at": "2020-08-13T03:46:03.231Z", "tag": [5]}}, {"model": "notepad.note", "pk": 19, "fields": {"user": 1, "title": "AWS", "describe": "AWS\u306e\u57fa\u790e\u7528\u8a9e\u306b\u3064\u3044\u3066", "public": true, "created_at": "2020-07-17T03:41:58.452Z", "updated_at": "2020-07-17T03:41:58.453Z", "tag": [7, 19]}}, {"model": "notepad.note", "pk": 27, "fields": {"user": 18, "title": "test3", "describe": "test3", "public": true, "created_at": "2020-07-17T14:16:17.122Z", "updated_at": "2020-07-17T14:16:17.122Z", "tag": [16]}}, {"model": "notepad.note", "pk": 28, "fields": {"user": 17, "title": "test2", "describe": "test2", "public": true, "created_at": "2020-07-17T14:16:47.215Z", "updated_at": "2020-07-17T14:16:47.215Z", "tag": [16]}}, {"model": "notepad.note", "pk": 30, "fields": {"user": 15, "title": "Python", "describe": "\u81ea\u5206\u7528\u306ePython\u5099\u5fd8\u9332", "public": true, "created_at": "2020-08-26T07:18:22.739Z", "updated_at": "2020-08-26T07:18:22.739Z", "tag": [1]}}, {"model": "notepad.note", "pk": 31, "fields": {"user": 1, "title": "shel\bl \u57fa\u790e", "describe": "bash\u3084zsh\u3067\u30d5\u30a1\u30a4\u30eb\u306b\u8a18\u8ff0\u3057\u305f\u30b9\u30af\u30ea\u30d7\u30c8\u3092\u5b9f\u884c\u3059\u308b\u65b9\u6cd5", "public": true, "created_at": "2020-08-27T00:38:41.300Z", "updated_at": "2020-09-23T05:51:15.465Z", "tag": [23, 25]}}, {"model": "notepad.note", "pk": 32, "fields": {"user": 17, "title": "\u30de\u30fc\u30b1\u30c3\u30c8\u611f\u899a", "describe": "\u3061\u304d\u308a\u3093\u8457\u300e\u30de\u30fc\u30b1\u30c3\u30c8\u611f\u899a\u3092\u8eab\u306b\u3064\u3051\u3088\u3046\u300f\u304b\u3089", "public": true, "created_at": "2020-09-01T14:37:52.772Z", "updated_at": "2020-10-03T05:20:00.686Z", "tag": []}}, {"model": "notepad.note", "pk": 33, "fields": {"user": 1, "title": "\u63a8\u85a6\u30b7\u30b9\u30c6\u30e0\u3000\u5165\u9580", "describe": "\u63a8\u85a6\u30b7\u30b9\u30c6\u30e0\u306b\u3064\u3044\u3066\u307e\u3068\u3081\u307e\u3057\u305f\u3002", "public": true, "created_at": "2020-09-08T07:32:26.072Z", "updated_at": "2020-09-13T07:43:53.663Z", "tag": [26, 27, 28, 29]}}, {"model": "notepad.note", "pk": 34, "fields": {"user": 17, "title": "Mac \u30b7\u30e7\u30fc\u30c8\u30ab\u30c3\u30c8", "describe": "", "public": true, "created_at": "2020-09-10T17:11:10.609Z", "updated_at": "2020-09-16T13:01:03.165Z", "tag": [30]}}, {"model": "notepad.note", "pk": 36, "fields": {"user": 1, "title": "Git \u57fa\u790e (Mac)", "describe": "\u300cGit \u5165\u9580\u300d\u3092\u7d42\u3048\u305f\u65b9\u304c\u5bfe\u8c61\u3067\u3059\u3002\r\n\u57fa\u790e\u7684\u306a\u30b3\u30de\u30f3\u30c9\u3092\u8aac\u660e\u3057\u307e\u3059\u3002", "public": true, "created_at": "2020-09-18T09:32:39.222Z", "updated_at": "2020-09-18T11:47:00.968Z", "tag": [31]}}, {"model": "notepad.note", "pk": 37, "fields": {"user": 1, "title": "\u30de\u30fc\u30b1\u30c6\u30a3\u30f3\u30b0 \u5165\u9580", "describe": "\u30d3\u30b8\u30cd\u30b9\u3067\u6271\u308f\u308c\u308b\u30de\u30fc\u30b1\u30c6\u30a3\u30f3\u30b0\u7528\u8a9e\u306b\u3064\u3044\u3066\u307e\u3068\u3081\u307e\u3057\u305f\u3002", "public": true, "created_at": "2020-09-21T12:07:31.438Z", "updated_at": "2020-09-21T12:44:31.387Z", "tag": [32]}}, {"model": "notepad.note", "pk": 38, "fields": {"user": 1, "title": "\u30b9\u30bf\u30fc\u30c8\u30a2\u30c3\u30d7\u3000\u7528\u8a9e", "describe": "\u30b9\u30bf\u30fc\u30c8\u30a2\u30c3\u30d7\u3067\u6271\u308f\u308c\u308b\u7528\u8a9e\u3084\u6982\u5ff5\u306a\u3069", "public": true, "created_at": "2020-10-20T01:45:12.419Z", "updated_at": "2020-10-20T01:45:12.419Z", "tag": []}}, {"model": "notepad.question", "pk": 1, "fields": {"question": "Django\u3068\u306f\u4f55\u3067\u3057\u3087\u3046\u304b\uff1f", "hint": "Web\u95a2\u4fc2\u3067\u3059\uff01", "answer": "Python\u306eWeb\u30d5\u30ec\u30fc\u30e0\u30ef\u30fc\u30af", "created_at": "2020-06-26T14:19:20.438Z", "updated_at": "2020-06-27T13:31:02.652Z", "note": 1}}, {"model": "notepad.question", "pk": 2, "fields": {"question": "test\u306e\u554f\u984c", "hint": "", "answer": "test\u306e\u7b54\u3048", "created_at": "2020-06-30T02:50:54.095Z", "updated_at": "2020-06-30T02:50:54.095Z", "note": 2}}, {"model": "notepad.question", "pk": 5, "fields": {"question": "hoge", "hint": "", "answer": "fuga", "created_at": "2020-06-30T09:07:53.351Z", "updated_at": "2020-08-13T03:50:24.563Z", "note": 5}}, {"model": "notepad.question", "pk": 6, "fields": {"question": "MTV\u30e2\u30c7\u30eb\u3068\u306f\u4f55\u3067\u3059\u304b\uff1f", "hint": "", "answer": "model, template, view\u306e\u3053\u3068\u3092\u793a\u3057\u307e\u3059\uff01", "created_at": "2020-07-02T07:46:37.733Z", "updated_at": "2020-07-02T07:46:37.733Z", "note": 1}}, {"model": "notepad.question", "pk": 8, "fields": {"question": "i", "hint": "\u30e2\u30fc\u30c9\u3092\u5207\u308a\u66ff\u3048\u307e\u3059", "answer": "\u5165\u529b", "created_at": "2020-07-06T10:22:41.097Z", "updated_at": "2020-07-07T02:09:02.797Z", "note": 13}}, {"model": "notepad.question", "pk": 9, "fields": {"question": ":q", "hint": "\u4f55\u304b\u3092\u7d42\u4e86\u3057\u307e\u3059", "answer": "\u30a4\u30f3\u30b5\u30fc\u30c8\u30e2\u30fc\u30c9\u7d42\u4e86", "created_at": "2020-07-06T13:05:42.772Z", "updated_at": "2020-07-06T13:05:42.772Z", "note": 13}}, {"model": "notepad.question", "pk": 10, "fields": {"question": ".show", "hint": "", "answer": "\u8a2d\u5b9a\u3092\u8868\u793a", "created_at": "2020-07-07T14:00:00.072Z", "updated_at": "2020-07-07T14:00:00.073Z", "note": 14}}, {"model": "notepad.question", "pk": 11, "fields": {"question": ".headers on", "hint": "", "answer": "SELECT\u6587\u3067\u3001\u5217\u540d\u3082\u8868\u793a\u3059\u308b", "created_at": "2020-07-07T14:00:36.116Z", "updated_at": "2020-07-07T15:14:52.567Z", "note": 14}}, {"model": "notepad.question", "pk": 12, "fields": {"question": ".exit", "hint": "", "answer": "\u7d42\u4e86\u3059\u308b", "created_at": "2020-07-07T14:00:51.648Z", "updated_at": "2020-07-07T14:00:51.649Z", "note": 14}}, {"model": "notepad.question", "pk": 13, "fields": {"question": ".tables", "hint": "", "answer": "\u30c6\u30fc\u30d6\u30eb\u4e00\u89a7", "created_at": "2020-07-07T14:01:14.109Z", "updated_at": "2020-07-07T14:01:14.109Z", "note": 14}}, {"model": "notepad.question", "pk": 14, "fields": {"question": "sqlite db.sqlite3", "hint": "", "answer": "db.sqlite3\u3068\u3044\u3046DB\u3092\u8d77\u52d5", "created_at": "2020-07-07T14:01:48.346Z", "updated_at": "2020-07-07T14:03:02.043Z", "note": 14}}, {"model": "notepad.question", "pk": 16, "fields": {"question": ".mode column", "hint": "", "answer": "MySQL\u7684\u306a\u8868\u793a\u306b\u306a\u308b", "created_at": "2020-07-07T15:01:24.808Z", "updated_at": "2020-07-07T15:01:24.808Z", "note": 14}}, {"model": "notepad.question", "pk": 17, "fields": {"question": ".sqliterc", "hint": ".headers on\r\n.mode column\r\n.width 0\r\n.timer on\r\n.nullvalue NULL", "answer": "\u8a2d\u5b9a\u30d5\u30a1\u30a4\u30eb", "created_at": "2020-07-07T15:14:25.895Z", "updated_at": "2020-07-07T15:21:31.985Z", "note": 14}}, {"model": "notepad.question", "pk": 18, "fields": {"question": ".width 0", "hint": "", "answer": "column\u306epadding\u30920\u306b\u3059\u308b", "created_at": "2020-07-07T15:15:46.588Z", "updated_at": "2020-07-07T15:15:46.588Z", "note": 14}}, {"model": "notepad.question", "pk": 19, "fields": {"question": ".timer on", "hint": "", "answer": "query\u306eCPU\u8a08\u7b97\u6642\u9593\u3092\u51fa\u529b", "created_at": "2020-07-07T15:16:23.469Z", "updated_at": "2020-07-07T15:16:23.469Z", "note": 14}}, {"model": "notepad.question", "pk": 20, "fields": {"question": ".nullvalue NULL", "hint": "", "answer": "NULL\u306e\u51fa\u529b\u3092\u6c7a\u3081\u308b\u3002\u30c7\u30d5\u30a9\u30eb\u30c8\u306f\u7a7a\u6b04", "created_at": "2020-07-07T15:19:43.332Z", "updated_at": "2020-07-07T15:19:43.332Z", "note": 14}}, {"model": "notepad.question", "pk": 21, "fields": {"question": "getElementById('hoge');", "hint": "", "answer": "id\u3092\u53d6\u5f97", "created_at": "2020-07-08T01:16:07.052Z", "updated_at": "2020-07-08T01:16:07.052Z", "note": 16}}, {"model": "notepad.question", "pk": 22, "fields": {"question": "synthwave", "hint": "", "answer": "theme", "created_at": "2020-07-09T00:37:21.781Z", "updated_at": "2020-07-09T00:59:10.779Z", "note": 15}}, {"model": "notepad.question", "pk": 23, "fields": {"question": "DotENV", "hint": "", "answer": ".env\u7528\u306eextends", "created_at": "2020-07-09T00:37:47.530Z", "updated_at": "2020-07-09T00:58:59.142Z", "note": 15}}, {"model": "notepad.question", "pk": 24, "fields": {"question": "Remote Development", "hint": "", "answer": "ssh, docker, WSL\u306e\u62e1\u5f35\u6a5f\u80fd", "created_at": "2020-07-09T00:41:23.005Z", "updated_at": "2020-07-09T00:41:23.005Z", "note": 15}}, {"model": "notepad.question", "pk": 25, "fields": {"question": "\u2318 + Shint + P", "hint": "", "answer": "open console", "created_at": "2020-07-09T00:55:15.063Z", "updated_at": "2020-07-09T00:55:15.063Z", "note": 17}}, {"model": "notepad.question", "pk": 26, "fields": {"question": "\u2318 + delete", "hint": "", "answer": "1\u884c\u524a\u9664", "created_at": "2020-07-09T00:56:04.676Z", "updated_at": "2020-07-09T00:56:24.870Z", "note": 17}}, {"model": "notepad.question", "pk": 27, "fields": {"question": "option + delete", "hint": "", "answer": "\u5358\u8a9e\u3054\u3068\u306b\u524a\u9664", "created_at": "2020-07-09T00:56:41.234Z", "updated_at": "2020-07-09T00:56:41.234Z", "note": 17}}, {"model": "notepad.question", "pk": 28, "fields": {"question": "\u2318 + X", "hint": "", "answer": "\u5207\u308a\u53d6\u308a", "created_at": "2020-07-09T00:57:50.722Z", "updated_at": "2020-07-09T00:57:50.722Z", "note": 17}}, {"model": "notepad.question", "pk": 29, "fields": {"question": "\u2318 + C", "hint": "", "answer": "\u30b3\u30d4\u30fc", "created_at": "2020-07-09T00:58:06.853Z", "updated_at": "2020-07-09T00:58:06.853Z", "note": 17}}, {"model": "notepad.question", "pk": 30, "fields": {"question": "\u2318 + Shift + F", "hint": "", "answer": "\u30d5\u30a1\u30a4\u30eb\u4e00\u62ec\u691c\u7d22", "created_at": "2020-07-09T01:02:31.980Z", "updated_at": "2020-07-09T01:02:31.980Z", "note": 17}}, {"model": "notepad.question", "pk": 31, "fields": {"question": "\u2318 + Shift + U", "hint": "", "answer": "\u30a2\u30af\u30c6\u30a3\u30d3\u30c6\u30a3\u30e2\u30cb\u30bf", "created_at": "2020-07-09T01:04:37.438Z", "updated_at": "2020-07-09T01:04:37.438Z", "note": 17}}, {"model": "notepad.question", "pk": 32, "fields": {"question": "control + `", "hint": "", "answer": "open terminal", "created_at": "2020-07-09T01:09:39.172Z", "updated_at": "2020-07-09T01:09:39.172Z", "note": 17}}, {"model": "notepad.question", "pk": 33, "fields": {"question": "control + \u2318 + \u77e2\u5370", "hint": "", "answer": "\u30d5\u30a1\u30a4\u30eb\u306e\u79fb\u52d5", "created_at": "2020-07-09T01:12:55.818Z", "updated_at": "2020-07-09T01:12:55.818Z", "note": 17}}, {"model": "notepad.question", "pk": 35, "fields": {"question": "\u30ea\u30fc\u30b8\u30e7\u30f3", "hint": "\u6771\u4eac\u30ea\u30fc\u30b8\u30e7\u30f3\r\n\u30b7\u30f3\u30ac\u30fc\u30dd\u30fc\u30eb\u30ea\u30fc\u30b8\u30e7\u30f3", "answer": "\u30b5\u30fc\u30d0\u30fc\u3092\u63d0\u4f9b\u3057\u3066\u3044\u308b\u5834\u6240", "created_at": "2020-08-13T04:25:53.173Z", "updated_at": "2020-08-13T04:25:53.173Z", "note": 19}}, {"model": "notepad.question", "pk": 36, "fields": {"question": "review\u306etest", "hint": "", "answer": "test of review", "created_at": "2020-08-14T03:30:28.548Z", "updated_at": "2020-08-14T03:30:28.548Z", "note": 5}}, {"model": "notepad.question", "pk": 37, "fields": {"question": "test3\u306e\u554f\u984c", "hint": "", "answer": "test3\u306e\u7b54\u3048", "created_at": "2020-08-18T06:43:49.371Z", "updated_at": "2020-08-18T06:43:49.371Z", "note": 27}}, {"model": "notepad.question", "pk": 38, "fields": {"question": "\u30d1\u30c3\u30b1\u30fc\u30b8\u306e\u30d0\u30fc\u30b8\u30e7\u30f3\u78ba\u8a8d", "hint": "", "answer": "python -m module_name --version", "created_at": "2020-08-26T07:19:26.208Z", "updated_at": "2020-08-26T07:19:46.979Z", "note": 30}}, {"model": "notepad.question", "pk": 39, "fields": {"question": "shell\u30d5\u30a1\u30a4\u30eb", "hint": "", "answer": "#!/bin/zsh\r\n\r\necho 'Success!'", "created_at": "2020-08-27T00:40:16.910Z", "updated_at": "2020-09-09T08:20:28.784Z", "note": 31}}, {"model": "notepad.question", "pk": 40, "fields": {"question": "\u300c\u30de\u30fc\u30b1\u30c3\u30c8\u611f\u899a\u300d\u3068\u306f\u4f55\u304b", "hint": "\u30e1\u30bf\u8a8d\u77e5\u306e\u4e00\u7a2e", "answer": "\u793e\u4f1a\u3084\u4eba\u304c\u52d5\u304f\u6839\u6e90\u7684\u306a\u4ed5\u7d44\u307f\u3092\u7406\u89e3\u3059\u308b\u80fd\u529b", "created_at": "2020-09-01T14:40:10.075Z", "updated_at": "2020-09-01T14:40:10.075Z", "note": 32}}, {"model": "notepad.question", "pk": 41, "fields": {"question": "\u300c\u30de\u30fc\u30b1\u30c6\u30a3\u30f3\u30b0\u300d\u3068\u306f\u4f55\u304b\uff08\u672c\u66f8\u306e\u5b9a\u7fa9\u306b\u3088\u308b\uff09", "hint": "", "answer": "\u300c\u30de\u30fc\u30b1\u30c3\u30c8\u611f\u899a\u300d\u3092\u5229\u7528\u3057\u4f55\u3089\u304b\u306e\u76ee\u7684\u3092\u9054\u6210\u3059\u308b\u624b\u6cd5", "created_at": "2020-09-01T14:41:27.248Z", "updated_at": "2020-09-01T14:41:27.248Z", "note": 32}}, {"model": "notepad.question", "pk": 42, "fields": {"question": "\u300c\u5e02\u5834\u300d\u3068\u306f\u306a\u306b\u304b", "hint": "\u52b4\u50cd\u5e02\u5834\r\n\u5a5a\u6d3b\u5e02\u5834", "answer": "\u300c\u4f55\u3089\u304b\u306e\u4fa1\u5024\u300d\u3092\r\n\u300c\u9700\u8981\u8005\u300d\u3068\u300c\u4f9b\u7d66\u8005\u300d\u304c\r\n\u300c\u4f55\u3089\u304b\u306e\u65b9\u6cd5\u300d\u3067\u53d6\u5f15\u3092\u884c\u3046\u3053\u3068\r\n\r\n\u203b\u300c\u4f55\u3089\u304b\u306e\u4fa1\u5024\u300d\u306f\u30e2\u30ce\u306b\u9650\u3089\u305a\u3001\u300c\u4f55\u3089\u304b\u306e\u65b9\u6cd5\u300d\u3082\u91d1\u306b\u9650\u3089\u306a\u3044\u3002", "created_at": "2020-09-02T12:15:26.937Z", "updated_at": "2020-09-02T12:15:26.937Z", "note": 32}}, {"model": "notepad.question", "pk": 45, "fields": {"question": "\u300c\u5f37\u8abf\u30d5\u30a3\u30eb\u30bf\u30ea\u30f3\u30b0\u300d\u3068\u306f\uff1f", "hint": "\u63a8\u85a6\u306e\u7a2e\u985e\u3067\u3059", "answer": "\u2460\u300c\u81ea\u5206\u304c\u6d88\u8cbb\u3057\u305f\u5546\u54c1\u300d\u3068\u540c\u3058\u5546\u54c1\u3092\u6d88\u8cbb\u3057\u3066\u3044\u308b\u30e6\u30fc\u30b6\u3092\u7279\u5b9a\r\n\u2461\u305d\u306e\u30e6\u30fc\u30b6\u304b\u3089\u300c\u81ea\u5206\u304c\u6d88\u8cbb\u3057\u3066\u306a\u3044\u5546\u54c1\u300d\u3092\u304a\u3059\u3059\u3081\u3059\u308b\r\n\r\n\uff08EC\u30b5\u30a4\u30c8\u3001SNS\u306e\u53cb\u4eba\u306e\u63a8\u85a6\u306a\u3069\uff09", "created_at": "2020-09-08T07:36:12.360Z", "updated_at": "2020-09-08T08:25:33.706Z", "note": 33}}, {"model": "notepad.question", "pk": 46, "fields": {"question": "\u300c\u5185\u5bb9\u30d9\u30fc\u30b9\u30d5\u30a3\u30eb\u30bf\u30ea\u30f3\u30b0\u300d\u3068\u306f", "hint": "", "answer": "\u300c\u81ea\u5206\u304c\u6d88\u8cbb\u3057\u305f\u5546\u54c1\u300d\u3068\u300c\u4f3c\u305f\u5546\u54c1\u300d\u3092\u304a\u3059\u3059\u3081\u3059\u308b\u3053\u3068\r\n\r\n\uff08etc. \u540c\u3058\u30ab\u30c6\u30b4\u30ea\u306e\u5546\u54c1\u3001\u95a2\u9023\u3059\u308b\u30cb\u30e5\u30fc\u30b9\uff09", "created_at": "2020-09-08T07:39:06.615Z", "updated_at": "2020-09-08T08:25:04.170Z", "note": 33}}, {"model": "notepad.question", "pk": 47, "fields": {"question": "\u5354\u8abf\u30d5\u30a3\u30eb\u30bf\u30ea\u30f3\u30b0\u304c\u5f97\u610f\u306a\u5b9f\u88c5\u306f\uff1f", "hint": "", "answer": "\u77ed\u671f\u9593\u3067\u8907\u6570\u306e\u6d88\u8cbb\u304c\u306a\u3055\u308c\u308b\u30b5\u30fc\u30d3\u30b9\r\n\uff08etc. EC\u30b5\u30a4\u30c8\u3001SNS\uff09", "created_at": "2020-09-08T07:53:41.302Z", "updated_at": "2020-09-08T08:30:53.629Z", "note": 33}}, {"model": "notepad.question", "pk": 48, "fields": {"question": "explicit feedback \u3068\u306f\u306a\u306b\u304b", "hint": "", "answer": "\u8cfc\u5165\u3084\u8a55\u4fa1\u306a\u3069\u30e6\u30fc\u30b6\u304c\u660e\u78ba\u306b\u8208\u5473\u3092\u3082\u3063\u305f\u60c5\u5831", "created_at": "2020-09-08T07:54:48.403Z", "updated_at": "2020-09-08T07:54:48.403Z", "note": 33}}, {"model": "notepad.question", "pk": 49, "fields": {"question": "implicit feedback \u3068\u306f\u306a\u306b\u304b", "hint": "", "answer": "\u95b2\u89a7\u306a\u3069\u81ea\u7136\u306b\u5f97\u305f\u60c5\u5831", "created_at": "2020-09-08T07:55:21.962Z", "updated_at": "2020-09-08T07:55:21.962Z", "note": 33}}, {"model": "notepad.question", "pk": 50, "fields": {"question": "\u5354\u8abf\u30d5\u30a3\u30eb\u30bf\u30ea\u30f3\u30b0\u306e\u82e6\u624b\u306a\u3053\u3068", "hint": "", "answer": "\u30fb\u30cb\u30e5\u30fc\u30b9\u306a\u3069\u306e\u300c\u65b0\u3057\u3044\u4fa1\u5024\u300d\u306f\u9069\u7528\u3067\u304d\u306a\u3044\r\n\uff08\u53e4\u3044\u30cb\u30e5\u30fc\u30b9\u304c\u304a\u3059\u3059\u3081\u3055\u308c\u3066\u3082\u3001\u3001\uff09\r\n\u30fb\u84c4\u7a4d\u3055\u308c\u305f\u30c7\u30fc\u30bf\u304c\u306a\u3044\u3068\u9069\u7528\u3067\u304d\u306a\u3044", "created_at": "2020-09-08T07:57:40.782Z", "updated_at": "2020-09-08T09:19:25.650Z", "note": 33}}, {"model": "notepad.question", "pk": 51, "fields": {"question": "\u5185\u5bb9\u30d9\u30fc\u30b9\u30d5\u30a3\u30eb\u30bf\u30ea\u30f3\u30b0\u306e\u5f97\u610f\u306a\u5b9f\u88c5\u306f\uff1f", "hint": "", "answer": "\u30fb\u300c\u5546\u54c1\u3068\u5546\u54c1\u306e\u8ddd\u96e2\uff08\u985e\u4f3c\u5ea6\uff09\u300d\u3068\u300c\u30e6\u30fc\u30b6\u306e\u95a2\u5fc3\u300d\u304c\u8fd1\u3044\u307b\u3069\u6709\u52b9\r\n\uff08\u540c\u3058\u30ab\u30c6\u30b4\u30ea\u5546\u54c1\u3001\u540c\u69d8\u306e\u30cb\u30e5\u30fc\u30b9\u306a\u3069\uff09\r\n\u30fb\u84c4\u7a4d\u3055\u308c\u305f\u30c7\u30fc\u30bf\u304c\u306a\u304f\u3066\u3082\u9069\u7528\u3067\u304d\u308b", "created_at": "2020-09-08T08:29:50.048Z", "updated_at": "2020-09-08T08:32:50.537Z", "note": 33}}, {"model": "notepad.question", "pk": 52, "fields": {"question": "\u5185\u5bb9\u30d9\u30fc\u30b9\u30d5\u30a3\u30eb\u30bf\u30ea\u30f3\u30b0\u306e\u82e6\u624b\u306a\u3053\u3068\u306f", "hint": "", "answer": "\u30fb\u5546\u54c1\u540c\u58eb\u304b\u3089\u9069\u5207\u306b\u8ddd\u96e2\u3092\u5b9a\u7fa9\u3059\u308b\u3053\u3068\u304c\u96e3\u3057\u3044\r\n\u30fb\u5546\u54c1\u306e\u8cea\u304c\u4f4e\u3044\u3068UX\u304c\u60aa\u304f\u306a\u308b", "created_at": "2020-09-08T09:18:37.218Z", "updated_at": "2020-09-08T09:18:37.218Z", "note": 33}}, {"model": "notepad.question", "pk": 53, "fields": {"question": "\u300c\u30e6\u30fc\u30b6\u30d9\u30fc\u30b9\u5354\u8abf\u30d5\u30a3\u30eb\u30bf\u30ea\u30f3\u30b0\u300d\u3068\u306f", "hint": "\uff08\u3042\u306a\u305f\u3068\u540c\u3058\u5546\u54c1\u3092\u8cfc\u5165\u3057\u3066\u3044\u308b\u4eba\u306fB\u3082\u8cfc\u5165\u3057\u3066\u3044\u307e\u3059\uff09", "answer": "\u2460\u30e6\u30fc\u30b6\u30d9\u30af\u30c8\u30eb\u3092\u4f5c\u6210\u3057\u3001\u30e6\u30fc\u30b6i\u3068j\u306e\u8ddd\u96e2\u3092\u8a08\u308b\r\n\u2461i\u3068j\u306e\u8ddd\u96e2\u304c\u8fd1\u3044\u304b\u5224\u5b9a\r\n\u2462\u8ddd\u96e2\u304c\u8fd1\u3044\u5834\u5408\u3001i\u306f\u8cfc\u5165\u3057\u3066\u306a\u3044j\u304c\u8cfc\u5165\u3057\u305f\u5546\u54c1\u3092\u63a8\u85a6", "created_at": "2020-09-08T09:57:12.515Z", "updated_at": "2020-09-09T06:52:38.731Z", "note": 33}}, {"model": "notepad.question", "pk": 54, "fields": {"question": "\u300c\u8a55\u4fa1\u5024\u884c\u5217\uff08\u30e6\u30fc\u30b6 - \u30a2\u30a4\u30c6\u30e0\u884c\u5217\uff09\u300d\u3068\u306f\uff1f", "hint": "", "answer": "\u30e6\u30fc\u30b6N\u4eba\u304c\u5546\u54c1M\u500b\u306b\u5bfe\u3057\u3066\u8a55\u4fa1\u3057\u305f\u884c\u5217", "created_at": "2020-09-08T10:12:58.207Z", "updated_at": "2020-09-09T06:32:55.193Z", "note": 33}}, {"model": "notepad.question", "pk": 55, "fields": {"question": "\u30fb\u30b3\u30b5\u30a4\u30f3\u8ddd\u96e2\r\n\u30fb\u30b8\u30e3\u30ab\u30fc\u30c9\u4fc2\u6570", "hint": "", "answer": "\u30e6\u30fc\u30b6\u30d9\u30fc\u30b9\u5354\u8abf\u30d5\u30a3\u30eb\u30bf\u30ea\u30f3\u30b0\u3067\u6271\u3046\u3001\u985e\u4f3c\u5ea6\u306e\u7a2e\u985e", "created_at": "2020-09-09T06:32:29.174Z", "updated_at": "2020-09-09T06:32:29.174Z", "note": 33}}, {"model": "notepad.question", "pk": 56, "fields": {"question": "\u300c\u30a2\u30a4\u30c6\u30e0\u30d9\u30fc\u30b9\u5354\u8abf\u30d5\u30a3\u30eb\u30bf\u30ea\u30f3\u30b0\u300d\u3068\u306f", "hint": "\uff08\u3053\u306e\u5546\u54c1\u3092\u8cfc\u5165\u3057\u305f\u4eba\u306fB\u3082\u8cfc\u5165\u3057\u3066\u3044\u307e\u3059\uff09", "answer": "\u2460\u30e6\u30fc\u30b6\u3092\u6b21\u5143(u)\u3001\u6b21\u5143\u306e\u5024\u3092\u5546\u54c1\u306e\u8a55\u4fa1(r)\u3068\u3057\u3001\u30a2\u30a4\u30c6\u30e0(v)\u3092\u30d9\u30af\u30c8\u30eb\u4f5c\u6210\u3059\u308b\r\n\u2461\u30a2\u30a4\u30c6\u30e0\u30d9\u30af\u30c8\u30eb(v i)\u3068(v j)\u306e\u985e\u4f3c\u5ea6\u3092\u6e2c\u308b\r\n\u2462\u8ddd\u96e2\u304c\u8fd1\u3044\u5834\u5408\u306f\u63a8\u85a6", "created_at": "2020-09-09T06:40:27.066Z", "updated_at": "2020-09-09T06:56:31.332Z", "note": 33}}, {"model": "notepad.question", "pk": 57, "fields": {"question": "shell\u30d5\u30a1\u30a4\u30eb\u306e\u5b9f\u884c", "hint": "", "answer": "source hoge.sh", "created_at": "2020-09-09T08:20:47.857Z", "updated_at": "2020-09-09T08:20:47.857Z", "note": 31}}, {"model": "notepad.question", "pk": 58, "fields": {"question": "\u300c\u30e1\u30e2\u30ea\u30d9\u30fc\u30b9\u300d\u3068\u300c\u30e2\u30c7\u30eb\u30d9\u30fc\u30b9\u300d\u306e\u9055\u3044\u306f\u4f55\u304b", "hint": "", "answer": "\u30fb\u30e1\u30e2\u30ea\u30d9\u30fc\u30b9: \u30b7\u30b9\u30c6\u30e0\u304c\u6301\u3064\u30c7\u30fc\u30bf\u3092\u76f4\u63a5recommender\u306b\u7d44\u307f\u8fbc\u3080\r\n\u30fb\u30e2\u30c7\u30eb\u30d9\u30fc\u30b9: \u7d71\u8a08\u7684\u306a\u624b\u6cd5\u3092\u53d6\u308a\u5165\u308c\u305frecommender\r\n\r\n\uff08\u5354\u8abf\u30d5\u30a3\u30eb\u30bf\u30ea\u30f3\u30b0\u306f\u300c\u6b21\u5143\u524a\u6e1b\u300d\u3001\u5185\u5bb9\u30d9\u30fc\u30b9\u30d5\u30a3\u30eb\u30bf\u30ea\u30f3\u30b0\u306f\u300c\u5206\u985e\u300d\u3092\u6271\u3046\uff09", "created_at": "2020-09-09T08:50:10.708Z", "updated_at": "2020-09-09T08:55:29.686Z", "note": 33}}, {"model": "notepad.question", "pk": 59, "fields": {"question": "\u7d75\u6587\u5b57", "hint": "", "answer": "control + command + space\ud83d\udc69\u200d\ud83d\udcbb", "created_at": "2020-09-10T17:15:04.462Z", "updated_at": "2020-09-10T17:15:04.462Z", "note": 34}}, {"model": "notepad.question", "pk": 60, "fields": {"question": "pip: \u30d0\u30fc\u30b8\u30e7\u30f3\u6307\u5b9a\u3057\u3066\u30a2\u30c3\u30d7\u30b0\u30ec\u30fc\u30c9", "hint": "", "answer": "pip install -U pip==2.0.23", "created_at": "2020-09-13T07:48:21.838Z", "updated_at": "2020-09-13T07:48:21.838Z", "note": 30}}, {"model": "notepad.question", "pk": 61, "fields": {"question": "\u3072\u3089\u304c\u306a\u5909\u63db", "hint": "", "answer": "control + J", "created_at": "2020-09-16T13:01:50.431Z", "updated_at": "2020-09-16T13:01:50.431Z", "note": 34}}, {"model": "notepad.question", "pk": 62, "fields": {"question": "\u30ab\u30bf\u30ab\u30ca\u5909\u63db", "hint": "", "answer": "control + K", "created_at": "2020-09-16T13:02:11.472Z", "updated_at": "2020-09-16T13:02:11.472Z", "note": 34}}, {"model": "notepad.question", "pk": 63, "fields": {"question": "\u30b9\u30af\u30b7\u30e7", "hint": "", "answer": "command + shift + 4", "created_at": "2020-09-16T13:03:14.566Z", "updated_at": "2020-09-16T13:03:14.566Z", "note": 34}}, {"model": "notepad.question", "pk": 64, "fields": {"question": "\u52d5\u753b\u30ad\u30e3\u30d7\u30c1\u30e3", "hint": "", "answer": "command + shift + 5", "created_at": "2020-09-16T13:03:52.782Z", "updated_at": "2020-09-16T13:03:52.782Z", "note": 34}}, {"model": "notepad.question", "pk": 65, "fields": {"question": "ssh\u306e\u4f5c\u6210", "hint": "https://docs.github.com/en/github/authenticating-to-github/gener", "answer": "ssh-keygen -t rsa -b 4096 -C \"your_email@example.com\"", "created_at": "2020-09-18T09:33:01.237Z", "updated_at": "2020-09-18T09:50:02.164Z", "note": 36}}, {"model": "notepad.question", "pk": 66, "fields": {"question": ":wq", "hint": "", "answer": "\u4fdd\u5b58\u3057\u3066\u7d42\u4e86", "created_at": "2020-09-18T11:10:59.566Z", "updated_at": "2020-09-18T11:10:59.566Z", "note": 13}}, {"model": "notepad.question", "pk": 67, "fields": {"question": "ssh-agent\u306e\u767b\u9332\u4e00\u89a7", "hint": "", "answer": "ssh-add -l", "created_at": "2020-09-18T11:47:57.758Z", "updated_at": "2020-09-18T11:47:57.758Z", "note": 36}}, {"model": "notepad.question", "pk": 68, "fields": {"question": "KPI", "hint": "Key Performance Indicator", "answer": "\u30d1\u30d5\u30a9\u30fc\u30de\u30f3\u30b9\u6307\u6a19\u3002\r\n\u300cKGI\u306e\u4e2d\u9593\u76ee\u6a19\u300d\u304b\u3064\u300c\u5b9a\u91cf\u7684\u306a\u6307\u6a19\u300d\u3068\u3057\u3066\u5229\u7528\u3055\u308c\u308b\u3053\u3068\u304c\u591a\u3044\u3002\r\n\r\n- \u30af\u30ea\u30c3\u30af\u7387\r\n- \u8cfc\u5165\u7387\r\n- \u56de\u904a\u7387\r\n- Twitter\u6295\u7a3f\u56de\u6570\r\n- \u30b3\u30df\u30e5\u30cb\u30c6\u30a3\u306e\u6240\u5c5e\u6570\r\n- \u304a\u6c17\u306b\u5165\u308a\u306e\u30b3\u30df\u30e5\u30cb\u30c6\u30a3", "created_at": "2020-09-21T12:13:18.601Z", "updated_at": "2020-09-21T12:47:11.118Z", "note": 37}}, {"model": "notepad.question", "pk": 69, "fields": {"question": "KGI", "hint": "Key Goal Indicator", "answer": "\u30d3\u30b8\u30cd\u30b9\u306e\u300c\u6700\u7d42\u76ee\u6a19\u300d\u306e\u3053\u3068\u3002\r\n\u76ee\u6a19\u306f\u7de9\u3084\u304b\u306b\u8a2d\u5b9a\u3055\u308c\u3001\u53b3\u6b63\u306a\u4e2d\u9593\u6307\u6a19\u3068\u3057\u3066KPI\u304c\u4f7f\u308f\u308c\u308b\u3002\r\n\r\n(\u4f8b: \u65b0\u898f\u4f1a\u54e1\u30922\u500d\u306b\u3059\u308b\u3001\u5168\u30e6\u30fc\u30b6\u306e8\u5272\u304c\u5229\u7528\u56de\u65701\u56de => 5\u5272\u307e\u3067\u6e1b\u3089\u3059)", "created_at": "2020-09-21T12:21:14.820Z", "updated_at": "2020-09-21T12:21:14.820Z", "note": 37}}, {"model": "notepad.question", "pk": 70, "fields": {"question": "OKR", "hint": "Objective and Key Result", "answer": "\u76ee\u6a19(Objective)\u3068\u6210\u679c\u6307\u6a19(Key Result)\u306e\u3053\u3068\u3002\r\n\u76ee\u6a19\u3068\u671f\u9593(1\u9031\u9593 ~ \u6570\u30f6\u6708)\u3001\u5b9a\u91cf\u7684\u306a\u6307\u6a19\u3092\u6c7a\u3081\u308b\u3002\r\n\r\n- \u76ee\u6a19\u306f1\u3064\u306e\u307f\u8a2d\u5b9a\u3002\u300c\u3061\u3087\u3063\u3068\u9054\u6210\u3067\u304d\u306a\u3044\u306a\u3001\u3001\u300d\u3092\u57fa\u6e96\u306b\u3059\u308b\u3002\r\n- \u6307\u6a19\u306f1~3\u3064\u8a2d\u5b9a\u3002\u300c\u5e73\u5747\u3092100\u3001\u6a19\u6e96\u504f\u5dee\u309210\u300d\u3068\u3059\u308b\u3002\r\n- \u76ee\u6a19\u3068\u6307\u6a19\u306f\u5fc5\u305a\u30aa\u30fc\u30d7\u30f3\u306b\u3057\u8ab0\u3067\u3082\u898b\u308c\u308b\u3088\u3046\u306b\u3059\u308b\u3002\r\n- \u67d4\u8edf\u306b\u30d5\u30a3\u30fc\u30c9\u30d0\u30c3\u30af\u306e\u6a5f\u4f1a\u3092\u8a2d\u3051\u308b(2~4\u9031\u9593\u306b1\u56de\u304f\u3089\u3044)", "created_at": "2020-09-21T12:38:06.990Z", "updated_at": "2020-09-21T12:42:50.993Z", "note": 37}}, {"model": "notepad.question", "pk": 71, "fields": {"question": "\u30c7\u30a3\u30ec\u30af\u30c8\u30ea\u524a\u9664", "hint": "", "answer": "rm -f hoge.txt", "created_at": "2020-09-21T15:14:43.138Z", "updated_at": "2020-09-21T15:14:43.138Z", "note": 31}}, {"model": "notepad.question", "pk": 72, "fields": {"question": "mac\u3067\u65b9\u753b\u9762\u306e\u307f\u4f7f\u7528", "hint": "", "answer": "sudo nvram boot-args=\"iog=0x0\"\r\n\r\n\uff08\u5143\u306b\u623b\u3059: sudo nvram -d boot-args\uff09", "created_at": "2020-09-23T05:51:46.216Z", "updated_at": "2020-09-23T05:53:01.587Z", "note": 31}}, {"model": "notepad.question", "pk": 73, "fields": {"question": "hoge", "hint": "", "answer": "a", "created_at": "2020-10-07T16:04:23.494Z", "updated_at": "2020-10-09T07:50:07.337Z", "note": 12}}, {"model": "notepad.question", "pk": 74, "fields": {"question": "def assert_form(questions=[''], hints=['h'*65], answers=['']):\r\n            for q in questions:\r\n                for hint in hin", "hint": "", "answer": "hoge", "created_at": "2020-10-09T07:40:11.010Z", "updated_at": "2020-10-09T07:40:11.010Z", "note": 12}}, {"model": "notepad.question", "pk": 75, "fields": {"question": "t", "hint": "", "answer": "t", "created_at": "2020-10-09T07:53:46.822Z", "updated_at": "2020-10-09T07:53:46.822Z", "note": 12}}, {"model": "notepad.question", "pk": 76, "fields": {"question": "VP of Engineer", "hint": "Vice President", "answer": "\u3010VP of Engineering\u3011\r\n\u30a8\u30f3\u30b8\u30cb\u30a2\u7d44\u7e54\u3092\u6210\u529f\u306b\u5c0e\u304f\u3001\u30c1\u30fc\u30e0\u30d3\u30eb\u30c0\u30fc\u7684\u306a\u5b58\u5728\r\n\u7d44\u7e54\u8ab2\u984c\u306b\u53d6\u308a\u7d44\u3080\r\n\u9ad8\u3044\u30b3\u30df\u30e5\u30cb\u30b1\u30fc\u30b7\u30e7\u30f3\u80fd\u529b\u3001\u8ab2\u984c\u89e3\u6c7a\u80fd\u529b\u304c\u6c42\u3081\u3089\u308c\u308b\r\n\u63a1\u7528\u3001\u80b2\u6210\u3001\u30de\u30cd\u30b8\u30e1\u30f3\u30c8\r\n\r\n\u3010CTO\u3011\r\n\u793e\u5185\uff08\u7d44\u7e54\uff09\u306e\u4e2d\u3067\u3001\u6700\u3082\u6280\u8853\u306b\u5f37\u3044\u5b58\u5728\r\n\u6280\u8853\u8ab2\u984c\u306b\u53d6\u308a\u7d44\u3080\r\n\u30a2\u30fc\u30ad\u30c6\u30af\u30c8\u3067\u3042\u308a\u3001\u8003\u5bdf\u8005\u3067\u3042\u308a\u3001\u5b9f\u9a13\u8005\u3067\u3042\u308a\u3001\u8a66\u9a13\u8005\r\n\u6280\u8853\u6226\u7565\u30fb\u6280\u8853\u65b9\u91dd\u3092\u63cf\u304f\u3053\u3068\u306b\u7279\u5316\u3057\u3066\u3044\u308b\r\n\u591a\u304f\u306e\u5834\u5408\u3001\u5275\u696d\u671f\u3088\u308a\u6280\u8853\u9762\u3067\u305d\u306e\u4f01\u696d\u3092\u652f\u3048\u3001CEO\u3084COO\u306e\u3088\u3046\u306b\u7d4c\u55b6\u306b\u53c2\u753b\u3057\u3066\u3044\u308b", "created_at": "2020-10-20T01:47:37.257Z", "updated_at": "2020-10-20T01:47:37.257Z", "note": 38}}, {"model": "notepad.question", "pk": 77, "fields": {"question": "People Operations Div.", "hint": "", "answer": "\u4eba\u4e8b\u90e8", "created_at": "2020-10-20T01:50:59.807Z", "updated_at": "2020-10-20T01:50:59.807Z", "note": 38}}, {"model": "notepad.question", "pk": 78, "fields": {"question": "DAU", "hint": "", "answer": "SNS\u306a\u3069\u306e\u30b5\u30fc\u30d3\u30b9\u3067\u30011\u65e5\u306b\u30b5\u30fc\u30d3\u30b9\u3092\u5229\u7528\u3057\u305f\u30e6\u30fc\u30b6\u30fc\uff08\u30a2\u30af\u30c6\u30a3\u30d6\u30e6\u30fc\u30b6\u30fc\uff09\u306e\u6570\u306e\u3053\u3068\u3067\u3042\u308b\u3002", "created_at": "2020-10-20T01:52:07.710Z", "updated_at": "2020-10-20T01:52:59.698Z", "note": 37}}, {"model": "notepad.question", "pk": 79, "fields": {"question": "\u30d7\u30c3\u30b7\u30e5\u914d\u4fe1", "hint": "", "answer": "\u30d7\u30c3\u30b7\u30e5\u901a\u77e5\u306e\u3053\u3068", "created_at": "2020-10-20T01:55:10.361Z", "updated_at": "2020-10-20T01:55:10.361Z", "note": 37}}, {"model": "notepad.question", "pk": 80, "fields": {"question": "SDK", "hint": "", "answer": "\u52b9\u7387\u7684\u306b\u958b\u767a\u3067\u304d\u308b\u3088\u3046\u306b\u3001\u30d7\u30ed\u30b0\u30e9\u30e0\u3001API\u3001\u30b5\u30f3\u30d7\u30eb\u30b3\u30fc\u30c9\u306a\u3069\u3092\u30d1\u30c3\u30b1\u30fc\u30b8\u306b\u3057\u305f\u3082\u306e", "created_at": "2020-10-20T01:56:53.189Z", "updated_at": "2020-10-20T01:56:53.189Z", "note": 37}}, {"model": "notepad.question", "pk": 81, "fields": {"question": "\u81ea\u52d5\u30bb\u30b0\u30e1\u30f3\u30c8", "hint": "\u81ea\u52d5\u30bb\u30b0\u30e1\u30f3\u30c8\u9818\u57df\u7ba1\u7406", "answer": "\u8868\u9818\u57df \u306b\u304a\u3051\u308b\u30c7\u30fc\u30bf\u30d6\u30ed\u30c3\u30af\u306e\u7a7a\u304d\u72b6\u614b\u3092\u5f93\u6765\u306e \u30d5\u30ea\u30fc\u30ea\u30b9\u30c8\u306b\u3088\u308b\u7ba1\u7406\u65b9\u5f0f \u3067\u306f\u306a\u304f\u30d3\u30c3\u30c8\u30de\u30c3\u30d7\u306b\u3088\u3063\u3066\u884c\u3046\u7ba1\u7406\u65b9\u6cd5", "created_at": "2020-10-20T02:02:19.535Z", "updated_at": "2020-10-20T02:02:19.535Z", "note": 37}}, {"model": "notepad.question", "pk": 82, "fields": {"question": "\u30de\u30fc\u30b1\u30c6\u30a3\u30f3\u30b0\u30a2\u30af\u30b7\u30e7\u30f3", "hint": "", "answer": "\u5e83\u544a\u306a\u3069\u306e\u63d0\u4f9b\u3055\u308c\u305f\u60c5\u5831\u306b\u3088\u3063\u3066\u5f15\u304d\u8d77\u3053\u3055\u308c\u308b\u884c\u52d5\u306e\u3053\u3068", "created_at": "2020-10-20T02:03:43.758Z", "updated_at": "2020-10-20T02:03:43.758Z", "note": 37}}, {"model": "notepad.review", "pk": 14, "fields": {"question": 16, "user": 15}}, {"model": "notepad.review", "pk": 17, "fields": {"question": 33, "user": 16}}, {"model": "notepad.review", "pk": 18, "fields": {"question": 6, "user": 15}}, {"model": "notepad.review", "pk": 19, "fields": {"question": 22, "user": 15}}, {"model": "notepad.review", "pk": 20, "fields": {"question": 11, "user": 15}}, {"model": "notepad.review", "pk": 28, "fields": {"question": 23, "user": 16}}, {"model": "notepad.review", "pk": 29, "fields": {"question": 21, "user": 16}}, {"model": "notepad.review", "pk": 30, "fields": {"question": 1, "user": 16}}, {"model": "notepad.review", "pk": 32, "fields": {"question": 35, "user": 16}}, {"model": "notepad.review", "pk": 34, "fields": {"question": 10, "user": 15}}, {"model": "notepad.review", "pk": 35, "fields": {"question": 31, "user": 15}}, {"model": "notepad.review", "pk": 36, "fields": {"question": 32, "user": 15}}, {"model": "notepad.review", "pk": 37, "fields": {"question": 33, "user": 15}}, {"model": "notepad.review", "pk": 39, "fields": {"question": 17, "user": 16}}, {"model": "notepad.review", "pk": 40, "fields": {"question": 10, "user": 16}}, {"model": "notepad.review", "pk": 41, "fields": {"question": 6, "user": 17}}, {"model": "notepad.review", "pk": 42, "fields": {"question": 8, "user": 18}}, {"model": "notepad.review", "pk": 44, "fields": {"question": 24, "user": 18}}, {"model": "notepad.review", "pk": 45, "fields": {"question": 21, "user": 15}}, {"model": "notepad.review", "pk": 46, "fields": {"question": 37, "user": 15}}, {"model": "notepad.review", "pk": 47, "fields": {"question": 35, "user": 15}}, {"model": "notepad.review", "pk": 51, "fields": {"question": 36, "user": 15}}, {"model": "notepad.review", "pk": 52, "fields": {"question": 38, "user": 15}}, {"model": "notepad.review", "pk": 53, "fields": {"question": 40, "user": 1}}, {"model": "notepad.review", "pk": 55, "fields": {"question": 42, "user": 1}}, {"model": "notepad.star", "pk": 6, "fields": {"note": 14, "user": 15, "liked_at": "2020-07-12T14:27:01.177Z"}}, {"model": "notepad.star", "pk": 8, "fields": {"note": 16, "user": 15, "liked_at": "2020-07-12T14:28:03.147Z"}}, {"model": "notepad.star", "pk": 10, "fields": {"note": 1, "user": 17, "liked_at": "2020-07-12T14:32:54.874Z"}}, {"model": "notepad.star", "pk": 11, "fields": {"note": 17, "user": 17, "liked_at": "2020-07-12T14:33:08.549Z"}}, {"model": "notepad.star", "pk": 14, "fields": {"note": 16, "user": 17, "liked_at": "2020-07-12T14:34:54.588Z"}}, {"model": "notepad.star", "pk": 15, "fields": {"note": 1, "user": 18, "liked_at": "2020-07-12T14:48:43.884Z"}}, {"model": "notepad.star", "pk": 16, "fields": {"note": 13, "user": 18, "liked_at": "2020-07-12T14:48:50.668Z"}}, {"model": "notepad.star", "pk": 17, "fields": {"note": 17, "user": 18, "liked_at": "2020-07-12T14:48:55.121Z"}}, {"model": "notepad.star", "pk": 18, "fields": {"note": 15, "user": 18, "liked_at": "2020-07-12T14:48:59.370Z"}}, {"model": "notepad.star", "pk": 20, "fields": {"note": 1, "user": 16, "liked_at": "2020-07-13T14:15:09.636Z"}}, {"model": "notepad.star", "pk": 21, "fields": {"note": 14, "user": 16, "liked_at": "2020-07-13T14:15:17.249Z"}}, {"model": "notepad.star", "pk": 23, "fields": {"note": 15, "user": 17, "liked_at": "2020-07-14T03:41:30.918Z"}}, {"model": "notepad.star", "pk": 27, "fields": {"note": 17, "user": 16, "liked_at": "2020-07-14T13:26:12.530Z"}}, {"model": "notepad.star", "pk": 29, "fields": {"note": 28, "user": 15, "liked_at": "2020-07-17T14:55:01.344Z"}}, {"model": "notepad.star", "pk": 31, "fields": {"note": 13, "user": 16, "liked_at": "2020-07-27T07:03:15.811Z"}}, {"model": "notepad.star", "pk": 34, "fields": {"note": 5, "user": 1, "liked_at": "2020-08-10T11:40:17.842Z"}}, {"model": "notepad.star", "pk": 35, "fields": {"note": 2, "user": 1, "liked_at": "2020-08-10T11:42:54.271Z"}}, {"model": "notepad.star", "pk": 43, "fields": {"note": 17, "user": 15, "liked_at": "2020-08-21T03:56:12.631Z"}}, {"model": "notepad.star", "pk": 44, "fields": {"note": 1, "user": 15, "liked_at": "2020-08-21T04:18:42.811Z"}}, {"model": "notepad.star", "pk": 46, "fields": {"note": 31, "user": 15, "liked_at": "2020-08-28T09:15:24.983Z"}}, {"model": "notepad.star", "pk": 47, "fields": {"note": 32, "user": 1, "liked_at": "2020-09-01T14:44:58.544Z"}}, {"model": "notepad.star", "pk": 48, "fields": {"note": 33, "user": 15, "liked_at": "2020-09-13T07:36:37.761Z"}}, {"model": "notepad.follow", "pk": 10, "fields": {"following": 15, "followed": 16, "followed_at": "2020-07-12T02:19:24.678Z"}}, {"model": "notepad.follow", "pk": 15, "fields": {"following": 15, "followed": 17, "followed_at": "2020-07-12T05:04:47.049Z"}}, {"model": "notepad.follow", "pk": 22, "fields": {"following": 17, "followed": 18, "followed_at": "2020-07-12T11:18:46.781Z"}}, {"model": "notepad.follow", "pk": 28, "fields": {"following": 18, "followed": 16, "followed_at": "2020-07-17T14:17:25.800Z"}}, {"model": "notepad.follow", "pk": 29, "fields": {"following": 18, "followed": 15, "followed_at": "2020-07-17T14:17:30.342Z"}}, {"model": "notepad.follow", "pk": 31, "fields": {"following": 16, "followed": 17, "followed_at": "2020-07-18T02:37:03.712Z"}}, {"model": "notepad.follow", "pk": 41, "fields": {"following": 1, "followed": 15, "followed_at": "2020-08-10T11:43:52.856Z"}}, {"model": "notepad.follow", "pk": 42, "fields": {"following": 1, "followed": 16, "followed_at": "2020-08-10T11:43:56.802Z"}}, {"model": "notepad.follow", "pk": 51, "fields": {"following": 17, "followed": 16, "followed_at": "2020-08-30T04:22:05.198Z"}}, {"model": "notepad.follow", "pk": 52, "fields": {"following": 17, "followed": 15, "followed_at": "2020-08-30T04:22:10.800Z"}}, {"model": "notepad.follow", "pk": 53, "fields": {"following": 17, "followed": 1, "followed_at": "2020-08-30T04:22:23.565Z"}}]