[{"model": "notepad.tag", "pk": 1, "fields": {"name": "Python"}}, {"model": "notepad.tag", "pk": 2, "fields": {"name": "Django"}}, {"model": "notepad.tag", "pk": 3, "fields": {"name": "Vim"}}, {"model": "notepad.tag", "pk": 4, "fields": {"name": "SQLite"}}, {"model": "notepad.tag", "pk": 5, "fields": {"name": "VScode"}}, {"model": "notepad.tag", "pk": 7, "fields": {"name": "AWS"}}, {"model": "notepad.tag", "pk": 10, "fields": {"name": "vim"}}, {"model": "notepad.tag", "pk": 11, "fields": {"name": "SQL"}}, {"model": "notepad.tag", "pk": 16, "fields": {"name": "test"}}, {"model": "notepad.tag", "pk": 17, "fields": {"name": "Test"}}, {"model": "notepad.tag", "pk": 18, "fields": {"name": "tes"}}, {"model": "notepad.tag", "pk": 19, "fields": {"name": "\u30a4\u30f3\u30d5\u30e9"}}, {"model": "notepad.tag", "pk": 20, "fields": {"name": "tesT"}}, {"model": "notepad.tag", "pk": 21, "fields": {"name": "JavaScript"}}, {"model": "notepad.tag", "pk": 22, "fields": {"name": "tag"}}, {"model": "notepad.tag", "pk": 23, "fields": {"name": "shell"}}, {"model": "notepad.tag", "pk": 24, "fields": {"name": "bash"}}, {"model": "notepad.tag", "pk": 25, "fields": {"name": "zsh"}}, {"model": "notepad.tag", "pk": 26, "fields": {"name": "\u6a5f\u68b0\u5b66\u7fd2"}}, {"model": "notepad.tag", "pk": 27, "fields": {"name": "\u63a8\u85a6\u30b7\u30b9\u30c6\u30e0"}}, {"model": "notepad.tag", "pk": 28, "fields": {"name": "Machine Learning"}}, {"model": "notepad.tag", "pk": 29, "fields": {"name": "Recommender System"}}, {"model": "notepad.tag", "pk": 30, "fields": {"name": "Mac"}}, {"model": "notepad.tag", "pk": 31, "fields": {"name": "Git"}}, {"model": "notepad.tag", "pk": 32, "fields": {"name": "\u30de\u30fc\u30b1\u30c6\u30a3\u30f3\u30b0"}}, {"model": "notepad.tag", "pk": 33, "fields": {"name": "infrastructure"}}, {"model": "notepad.tag", "pk": 34, "fields": {"name": "Heroku"}}, {"model": "notepad.tag", "pk": 35, "fields": {"name": "\u521d\u5fc3\u8005"}}, {"model": "notepad.tag", "pk": 36, "fields": {"name": "Docker"}}, {"model": "notepad.tag", "pk": 37, "fields": {"name": "\u30b3\u30f3\u30c6\u30ca"}}, {"model": "notepad.note", "pk": 1, "fields": {"user": 1, "title": "Django", "describe": "Django\u306b\u95a2\u3059\u308b\u5358\u8a9e\u5e33\u3067\u3059\u3002", "public": true, "created_at": "2020-06-26T14:17:41.500Z", "updated_at": "2020-08-18T06:30:25.031Z", "tag": [1, 2]}}, {"model": "notepad.note", "pk": 2, "fields": {"user": 15, "title": "test", "describe": "test\u306e\u6295\u7a3f\u3067\u3059\uff01", "public": true, "created_at": "2020-06-30T02:50:34.826Z", "updated_at": "2020-07-07T09:38:11.135Z", "tag": [16]}}, {"model": "notepad.note", "pk": 5, "fields": {"user": 16, "title": "hoge", "describe": "hoge\u3067\u3059", "public": true, "created_at": "2020-06-30T09:07:46.065Z", "updated_at": "2020-08-13T03:50:27.695Z", "tag": [16]}}, {"model": "notepad.note", "pk": 12, "fields": {"user": 15, "title": "asdf", "describe": "Lorem ipsum dolor sit amet consectetur adipisicing elit. Ullam dolores consequuntur pariatur dignissimos, magni quos eius odit a", "public": false, "created_at": "2020-07-02T03:42:35.231Z", "updated_at": "2020-07-02T05:48:15.259Z", "tag": [16]}}, {"model": "notepad.note", "pk": 13, "fields": {"user": 1, "title": "vim \u57fa\u790e", "describe": "vim\u306e\u57fa\u672c\u7684\u306a\u30b3\u30de\u30f3\u30c9\u3092\u554f\u984c\u306b\u3057\u3066\u307e\u3059\u3002", "public": true, "created_at": "2020-07-05T07:24:31.695Z", "updated_at": "2020-11-16T06:56:43.272Z", "tag": [3]}}, {"model": "notepad.note", "pk": 14, "fields": {"user": 1, "title": "SQLite", "describe": "SQLite\u306e\u30b3\u30de\u30f3\u30c9\u96c6\u3067\u3059", "public": true, "created_at": "2020-07-07T13:59:37.333Z", "updated_at": "2020-07-07T13:59:37.333Z", "tag": [4, 11]}}, {"model": "notepad.note", "pk": 15, "fields": {"user": 1, "title": "VScode \u62e1\u5f35\u6a5f\u80fd", "describe": "VScode\u306e\u4fbf\u5229\u306a\u62e1\u5f35\u6a5f\u80fd\u3092\u307e\u3068\u3081\u3066\u307e\u3059\uff01", "public": true, "created_at": "2020-07-07T15:45:29.227Z", "updated_at": "2020-07-09T00:50:03.761Z", "tag": []}}, {"model": "notepad.note", "pk": 16, "fields": {"user": 1, "title": "JavaScirpt \u57fa\u790e", "describe": "JavaScript\u521d\u5fc3\u8005\u3080\u3051\u306e\u554f\u984c\u3067\u3059\uff01\r\n\r\n(JavaScript \u5165\u9580\u3092\u7d42\u3048\u3066\u304b\u3089\u6311\u6226\u3057\u3066\u304f\u3060\u3055\u3044\u3002)", "public": true, "created_at": "2020-07-08T01:15:35.499Z", "updated_at": "2020-07-14T03:46:45.038Z", "tag": [21]}}, {"model": "notepad.note", "pk": 17, "fields": {"user": 1, "title": "VScode \u30b3\u30de\u30f3\u30c9", "describe": "VScode\u306e\u4fbf\u5229\u306a\u30b3\u30de\u30f3\u30c9\u96c6\u3067\u3059\uff01", "public": true, "created_at": "2020-07-09T00:51:56.231Z", "updated_at": "2020-08-13T03:46:03.231Z", "tag": [5]}}, {"model": "notepad.note", "pk": 19, "fields": {"user": 1, "title": "AWS\u3000\u57fa\u790e", "describe": "AWS\u3068\u30cd\u30c3\u30c8\u30ef\u30fc\u30af\u306e\u57fa\u790e\u77e5\u8b58\u3092\u307e\u3068\u3081\u3066\u3044\u307e\u3059\u3002\r\n\r\nAWS: VPC\u3001EC2\r\n\u30cd\u30c3\u30c8\u30ef\u30fc\u30af: TCP/IP\r\n\r\n\u53c2\u8003: Amazon Web Services \u57fa\u790e\u304b\u3089\u306e\u30cd\u30c3\u30c8\u30ef\u30fc\u30af\uff06\u30b5\u30fc\u30d0\u30fc\u69cb\u7bc9\u3000\u6539\u8a023\u7248", "public": true, "created_at": "2020-07-17T03:41:58.452Z", "updated_at": "2020-11-02T04:57:01.950Z", "tag": [7, 19]}}, {"model": "notepad.note", "pk": 27, "fields": {"user": 18, "title": "test3", "describe": "test3", "public": true, "created_at": "2020-07-17T14:16:17.122Z", "updated_at": "2020-07-17T14:16:17.122Z", "tag": [16]}}, {"model": "notepad.note", "pk": 28, "fields": {"user": 17, "title": "test2", "describe": "test2", "public": true, "created_at": "2020-07-17T14:16:47.215Z", "updated_at": "2020-07-17T14:16:47.215Z", "tag": [16]}}, {"model": "notepad.note", "pk": 30, "fields": {"user": 15, "title": "Python", "describe": "\u81ea\u5206\u7528\u306ePython\u5099\u5fd8\u9332", "public": true, "created_at": "2020-08-26T07:18:22.739Z", "updated_at": "2020-08-26T07:18:22.739Z", "tag": [1]}}, {"model": "notepad.note", "pk": 31, "fields": {"user": 1, "title": "shel\bl \u57fa\u790e", "describe": "bash\u3084zsh\u3067\u30d5\u30a1\u30a4\u30eb\u306b\u8a18\u8ff0\u3057\u305f\u30b9\u30af\u30ea\u30d7\u30c8\u3092\u5b9f\u884c\u3059\u308b\u65b9\u6cd5", "public": true, "created_at": "2020-08-27T00:38:41.300Z", "updated_at": "2020-09-23T05:51:15.465Z", "tag": [23, 25]}}, {"model": "notepad.note", "pk": 32, "fields": {"user": 17, "title": "\u30de\u30fc\u30b1\u30c3\u30c8\u611f\u899a", "describe": "\u3061\u304d\u308a\u3093\u8457\u300e\u30de\u30fc\u30b1\u30c3\u30c8\u611f\u899a\u3092\u8eab\u306b\u3064\u3051\u3088\u3046\u300f\u304b\u3089", "public": true, "created_at": "2020-09-01T14:37:52.772Z", "updated_at": "2020-10-03T05:20:00.686Z", "tag": []}}, {"model": "notepad.note", "pk": 33, "fields": {"user": 1, "title": "\u63a8\u85a6\u30b7\u30b9\u30c6\u30e0\u3000\u5165\u9580", "describe": "\u63a8\u85a6\u30b7\u30b9\u30c6\u30e0\u306b\u3064\u3044\u3066\u307e\u3068\u3081\u307e\u3057\u305f\u3002", "public": true, "created_at": "2020-09-08T07:32:26.072Z", "updated_at": "2020-09-13T07:43:53.663Z", "tag": [26, 27, 28, 29]}}, {"model": "notepad.note", "pk": 34, "fields": {"user": 17, "title": "Mac \u30b7\u30e7\u30fc\u30c8\u30ab\u30c3\u30c8", "describe": "", "public": true, "created_at": "2020-09-10T17:11:10.609Z", "updated_at": "2020-09-16T13:01:03.165Z", "tag": [30]}}, {"model": "notepad.note", "pk": 36, "fields": {"user": 1, "title": "\u306f\u3058\u3081\u3066\u306eGit", "describe": "commit, merge\u306a\u3069\u306e\u57fa\u672c\u30b3\u30de\u30f3\u30c9\u3092\u5b66\u7fd2\u3057\u307e\u3059\u3002", "public": true, "created_at": "2020-09-18T09:32:39.222Z", "updated_at": "2020-11-16T10:07:22.076Z", "tag": [31, 35]}}, {"model": "notepad.note", "pk": 37, "fields": {"user": 1, "title": "\u30de\u30fc\u30b1\u30c6\u30a3\u30f3\u30b0 \u5165\u9580", "describe": "\u30d3\u30b8\u30cd\u30b9\u3067\u6271\u308f\u308c\u308b\u30de\u30fc\u30b1\u30c6\u30a3\u30f3\u30b0\u7528\u8a9e\u306b\u3064\u3044\u3066\u307e\u3068\u3081\u307e\u3057\u305f\u3002", "public": true, "created_at": "2020-09-21T12:07:31.438Z", "updated_at": "2020-09-21T12:44:31.387Z", "tag": [32]}}, {"model": "notepad.note", "pk": 38, "fields": {"user": 1, "title": "\u30b9\u30bf\u30fc\u30c8\u30a2\u30c3\u30d7\u3000\u7528\u8a9e", "describe": "\u30b9\u30bf\u30fc\u30c8\u30a2\u30c3\u30d7\u3067\u6271\u308f\u308c\u308b\u7528\u8a9e\u3084\u6982\u5ff5\u306a\u3069", "public": true, "created_at": "2020-10-20T01:45:12.419Z", "updated_at": "2020-10-20T01:45:12.419Z", "tag": []}}, {"model": "notepad.note", "pk": 39, "fields": {"user": 17, "title": "Heroku", "describe": "Heroku\u3067\u30c7\u30d7\u30ed\u30a4\u3059\u308b\u969b\u306e\u30b3\u30de\u30f3\u30c9\u3092\u307e\u3068\u3081\u3066\u307e\u3059\uff01", "public": true, "created_at": "2020-10-28T14:46:15.586Z", "updated_at": "2020-10-28T14:46:15.586Z", "tag": [19, 34]}}, {"model": "notepad.note", "pk": 40, "fields": {"user": 15, "title": "Docker \u57fa\u790e", "describe": "\u306f\u3058\u3081\u3066Docker\u306b\u89e6\u308c\u308b\u65b9\u304c\u5bfe\u8c61\u3067\u3059\u3002", "public": true, "created_at": "2020-11-19T07:18:11.137Z", "updated_at": "2020-11-19T07:18:11.137Z", "tag": [36, 37]}}, {"model": "notepad.question", "pk": 1, "fields": {"question": "Django\u3068\u306f\u4f55\u3067\u3057\u3087\u3046\u304b\uff1f", "hint": "Web\u95a2\u4fc2\u3067\u3059\uff01", "answer": "Python\u306eWeb\u30d5\u30ec\u30fc\u30e0\u30ef\u30fc\u30af", "created_at": "2020-06-26T14:19:20.438Z", "updated_at": "2020-06-27T13:31:02.652Z", "note": 1}}, {"model": "notepad.question", "pk": 2, "fields": {"question": "test\u306e\u554f\u984c", "hint": "", "answer": "test\u306e\u7b54\u3048", "created_at": "2020-06-30T02:50:54.095Z", "updated_at": "2020-06-30T02:50:54.095Z", "note": 2}}, {"model": "notepad.question", "pk": 5, "fields": {"question": "hoge", "hint": "", "answer": "fuga", "created_at": "2020-06-30T09:07:53.351Z", "updated_at": "2020-08-13T03:50:24.563Z", "note": 5}}, {"model": "notepad.question", "pk": 6, "fields": {"question": "MTV\u30e2\u30c7\u30eb\u3068\u306f\u4f55\u3067\u3059\u304b\uff1f", "hint": "", "answer": "model, template, view\u306e\u3053\u3068\u3092\u793a\u3057\u307e\u3059\uff01", "created_at": "2020-07-02T07:46:37.733Z", "updated_at": "2020-07-02T07:46:37.733Z", "note": 1}}, {"model": "notepad.question", "pk": 9, "fields": {"question": ":q", "hint": "\u4f55\u304b\u3092\u7d42\u4e86\u3057\u307e\u3059", "answer": "\u30a4\u30f3\u30b5\u30fc\u30c8\u30e2\u30fc\u30c9\u7d42\u4e86", "created_at": "2020-07-06T13:05:42.772Z", "updated_at": "2020-07-06T13:05:42.772Z", "note": 13}}, {"model": "notepad.question", "pk": 10, "fields": {"question": ".show", "hint": "", "answer": "\u8a2d\u5b9a\u3092\u8868\u793a", "created_at": "2020-07-07T14:00:00.072Z", "updated_at": "2020-07-07T14:00:00.073Z", "note": 14}}, {"model": "notepad.question", "pk": 11, "fields": {"question": ".headers on", "hint": "", "answer": "SELECT\u6587\u3067\u3001\u5217\u540d\u3082\u8868\u793a\u3059\u308b", "created_at": "2020-07-07T14:00:36.116Z", "updated_at": "2020-07-07T15:14:52.567Z", "note": 14}}, {"model": "notepad.question", "pk": 12, "fields": {"question": ".exit", "hint": "", "answer": "\u7d42\u4e86\u3059\u308b", "created_at": "2020-07-07T14:00:51.648Z", "updated_at": "2020-07-07T14:00:51.649Z", "note": 14}}, {"model": "notepad.question", "pk": 13, "fields": {"question": ".tables", "hint": "", "answer": "\u30c6\u30fc\u30d6\u30eb\u4e00\u89a7", "created_at": "2020-07-07T14:01:14.109Z", "updated_at": "2020-07-07T14:01:14.109Z", "note": 14}}, {"model": "notepad.question", "pk": 14, "fields": {"question": "sqlite db.sqlite3", "hint": "", "answer": "db.sqlite3\u3068\u3044\u3046DB\u3092\u8d77\u52d5", "created_at": "2020-07-07T14:01:48.346Z", "updated_at": "2020-07-07T14:03:02.043Z", "note": 14}}, {"model": "notepad.question", "pk": 16, "fields": {"question": ".mode column", "hint": "", "answer": "MySQL\u7684\u306a\u8868\u793a\u306b\u306a\u308b", "created_at": "2020-07-07T15:01:24.808Z", "updated_at": "2020-07-07T15:01:24.808Z", "note": 14}}, {"model": "notepad.question", "pk": 17, "fields": {"question": ".sqliterc", "hint": ".headers on\r\n.mode column\r\n.width 0\r\n.timer on\r\n.nullvalue NULL", "answer": "\u8a2d\u5b9a\u30d5\u30a1\u30a4\u30eb", "created_at": "2020-07-07T15:14:25.895Z", "updated_at": "2020-07-07T15:21:31.985Z", "note": 14}}, {"model": "notepad.question", "pk": 18, "fields": {"question": ".width 0", "hint": "", "answer": "column\u306epadding\u30920\u306b\u3059\u308b", "created_at": "2020-07-07T15:15:46.588Z", "updated_at": "2020-07-07T15:15:46.588Z", "note": 14}}, {"model": "notepad.question", "pk": 19, "fields": {"question": ".timer on", "hint": "", "answer": "query\u306eCPU\u8a08\u7b97\u6642\u9593\u3092\u51fa\u529b", "created_at": "2020-07-07T15:16:23.469Z", "updated_at": "2020-07-07T15:16:23.469Z", "note": 14}}, {"model": "notepad.question", "pk": 20, "fields": {"question": ".nullvalue NULL", "hint": "", "answer": "NULL\u306e\u51fa\u529b\u3092\u6c7a\u3081\u308b\u3002\u30c7\u30d5\u30a9\u30eb\u30c8\u306f\u7a7a\u6b04", "created_at": "2020-07-07T15:19:43.332Z", "updated_at": "2020-07-07T15:19:43.332Z", "note": 14}}, {"model": "notepad.question", "pk": 21, "fields": {"question": "getElementById('hoge');", "hint": "", "answer": "id\u3092\u53d6\u5f97", "created_at": "2020-07-08T01:16:07.052Z", "updated_at": "2020-07-08T01:16:07.052Z", "note": 16}}, {"model": "notepad.question", "pk": 22, "fields": {"question": "synthwave", "hint": "", "answer": "theme", "created_at": "2020-07-09T00:37:21.781Z", "updated_at": "2020-07-09T00:59:10.779Z", "note": 15}}, {"model": "notepad.question", "pk": 23, "fields": {"question": "DotENV", "hint": "", "answer": ".env\u7528\u306eextends", "created_at": "2020-07-09T00:37:47.530Z", "updated_at": "2020-07-09T00:58:59.142Z", "note": 15}}, {"model": "notepad.question", "pk": 24, "fields": {"question": "Remote Development", "hint": "", "answer": "ssh, docker, WSL\u306e\u62e1\u5f35\u6a5f\u80fd", "created_at": "2020-07-09T00:41:23.005Z", "updated_at": "2020-07-09T00:41:23.005Z", "note": 15}}, {"model": "notepad.question", "pk": 25, "fields": {"question": "\u2318 + Shint + P", "hint": "", "answer": "open console", "created_at": "2020-07-09T00:55:15.063Z", "updated_at": "2020-07-09T00:55:15.063Z", "note": 17}}, {"model": "notepad.question", "pk": 26, "fields": {"question": "\u2318 + delete", "hint": "", "answer": "1\u884c\u524a\u9664", "created_at": "2020-07-09T00:56:04.676Z", "updated_at": "2020-07-09T00:56:24.870Z", "note": 17}}, {"model": "notepad.question", "pk": 27, "fields": {"question": "option + delete", "hint": "", "answer": "\u5358\u8a9e\u3054\u3068\u306b\u524a\u9664", "created_at": "2020-07-09T00:56:41.234Z", "updated_at": "2020-07-09T00:56:41.234Z", "note": 17}}, {"model": "notepad.question", "pk": 28, "fields": {"question": "\u2318 + X", "hint": "", "answer": "\u5207\u308a\u53d6\u308a", "created_at": "2020-07-09T00:57:50.722Z", "updated_at": "2020-07-09T00:57:50.722Z", "note": 17}}, {"model": "notepad.question", "pk": 29, "fields": {"question": "\u2318 + C", "hint": "", "answer": "\u30b3\u30d4\u30fc", "created_at": "2020-07-09T00:58:06.853Z", "updated_at": "2020-07-09T00:58:06.853Z", "note": 17}}, {"model": "notepad.question", "pk": 30, "fields": {"question": "\u2318 + Shift + F", "hint": "", "answer": "\u30d5\u30a1\u30a4\u30eb\u4e00\u62ec\u691c\u7d22", "created_at": "2020-07-09T01:02:31.980Z", "updated_at": "2020-07-09T01:02:31.980Z", "note": 17}}, {"model": "notepad.question", "pk": 31, "fields": {"question": "\u2318 + Shift + U", "hint": "", "answer": "\u30a2\u30af\u30c6\u30a3\u30d3\u30c6\u30a3\u30e2\u30cb\u30bf", "created_at": "2020-07-09T01:04:37.438Z", "updated_at": "2020-07-09T01:04:37.438Z", "note": 17}}, {"model": "notepad.question", "pk": 32, "fields": {"question": "control + `", "hint": "", "answer": "open terminal", "created_at": "2020-07-09T01:09:39.172Z", "updated_at": "2020-07-09T01:09:39.172Z", "note": 17}}, {"model": "notepad.question", "pk": 33, "fields": {"question": "control + \u2318 + \u77e2\u5370", "hint": "", "answer": "\u30d5\u30a1\u30a4\u30eb\u306e\u79fb\u52d5", "created_at": "2020-07-09T01:12:55.818Z", "updated_at": "2020-07-09T01:12:55.818Z", "note": 17}}, {"model": "notepad.question", "pk": 35, "fields": {"question": "\u30ea\u30fc\u30b8\u30e7\u30f3", "hint": "\u6771\u4eac\u30ea\u30fc\u30b8\u30e7\u30f3\r\n\u30b7\u30f3\u30ac\u30fc\u30dd\u30fc\u30eb\u30ea\u30fc\u30b8\u30e7\u30f3", "answer": "\u30b5\u30fc\u30d0\u30fc\u3092\u63d0\u4f9b\u3057\u3066\u3044\u308b\u5834\u6240", "created_at": "2020-08-13T04:25:53.173Z", "updated_at": "2020-08-13T04:25:53.173Z", "note": 19}}, {"model": "notepad.question", "pk": 36, "fields": {"question": "review\u306etest", "hint": "", "answer": "test of review", "created_at": "2020-08-14T03:30:28.548Z", "updated_at": "2020-08-14T03:30:28.548Z", "note": 5}}, {"model": "notepad.question", "pk": 37, "fields": {"question": "test3\u306e\u554f\u984c", "hint": "", "answer": "test3\u306e\u7b54\u3048", "created_at": "2020-08-18T06:43:49.371Z", "updated_at": "2020-08-18T06:43:49.371Z", "note": 27}}, {"model": "notepad.question", "pk": 38, "fields": {"question": "\u30d1\u30c3\u30b1\u30fc\u30b8\u306e\u30d0\u30fc\u30b8\u30e7\u30f3\u78ba\u8a8d", "hint": "", "answer": "python -m module_name --version", "created_at": "2020-08-26T07:19:26.208Z", "updated_at": "2020-08-26T07:19:46.979Z", "note": 30}}, {"model": "notepad.question", "pk": 39, "fields": {"question": "shell\u30d5\u30a1\u30a4\u30eb", "hint": "", "answer": "#!/bin/zsh\r\n\r\necho 'Success!'", "created_at": "2020-08-27T00:40:16.910Z", "updated_at": "2020-09-09T08:20:28.784Z", "note": 31}}, {"model": "notepad.question", "pk": 40, "fields": {"question": "\u300c\u30de\u30fc\u30b1\u30c3\u30c8\u611f\u899a\u300d\u3068\u306f\u4f55\u304b", "hint": "\u30e1\u30bf\u8a8d\u77e5\u306e\u4e00\u7a2e", "answer": "\u793e\u4f1a\u3084\u4eba\u304c\u52d5\u304f\u6839\u6e90\u7684\u306a\u4ed5\u7d44\u307f\u3092\u7406\u89e3\u3059\u308b\u80fd\u529b", "created_at": "2020-09-01T14:40:10.075Z", "updated_at": "2020-09-01T14:40:10.075Z", "note": 32}}, {"model": "notepad.question", "pk": 41, "fields": {"question": "\u300c\u30de\u30fc\u30b1\u30c6\u30a3\u30f3\u30b0\u300d\u3068\u306f\u4f55\u304b\uff08\u672c\u66f8\u306e\u5b9a\u7fa9\u306b\u3088\u308b\uff09", "hint": "", "answer": "\u300c\u30de\u30fc\u30b1\u30c3\u30c8\u611f\u899a\u300d\u3092\u5229\u7528\u3057\u4f55\u3089\u304b\u306e\u76ee\u7684\u3092\u9054\u6210\u3059\u308b\u624b\u6cd5", "created_at": "2020-09-01T14:41:27.248Z", "updated_at": "2020-09-01T14:41:27.248Z", "note": 32}}, {"model": "notepad.question", "pk": 42, "fields": {"question": "\u300c\u5e02\u5834\u300d\u3068\u306f\u306a\u306b\u304b", "hint": "\u52b4\u50cd\u5e02\u5834\r\n\u5a5a\u6d3b\u5e02\u5834", "answer": "\u300c\u4f55\u3089\u304b\u306e\u4fa1\u5024\u300d\u3092\r\n\u300c\u9700\u8981\u8005\u300d\u3068\u300c\u4f9b\u7d66\u8005\u300d\u304c\r\n\u300c\u4f55\u3089\u304b\u306e\u65b9\u6cd5\u300d\u3067\u53d6\u5f15\u3092\u884c\u3046\u3053\u3068\r\n\r\n\u203b\u300c\u4f55\u3089\u304b\u306e\u4fa1\u5024\u300d\u306f\u30e2\u30ce\u306b\u9650\u3089\u305a\u3001\u300c\u4f55\u3089\u304b\u306e\u65b9\u6cd5\u300d\u3082\u91d1\u306b\u9650\u3089\u306a\u3044\u3002", "created_at": "2020-09-02T12:15:26.937Z", "updated_at": "2020-09-02T12:15:26.937Z", "note": 32}}, {"model": "notepad.question", "pk": 45, "fields": {"question": "\u300c\u5f37\u8abf\u30d5\u30a3\u30eb\u30bf\u30ea\u30f3\u30b0\u300d\u3068\u306f\uff1f", "hint": "\u63a8\u85a6\u306e\u7a2e\u985e\u3067\u3059", "answer": "\u2460\u300c\u81ea\u5206\u304c\u6d88\u8cbb\u3057\u305f\u5546\u54c1\u300d\u3068\u540c\u3058\u5546\u54c1\u3092\u6d88\u8cbb\u3057\u3066\u3044\u308b\u30e6\u30fc\u30b6\u3092\u7279\u5b9a\r\n\u2461\u305d\u306e\u30e6\u30fc\u30b6\u304b\u3089\u300c\u81ea\u5206\u304c\u6d88\u8cbb\u3057\u3066\u306a\u3044\u5546\u54c1\u300d\u3092\u304a\u3059\u3059\u3081\u3059\u308b\r\n\r\n\uff08EC\u30b5\u30a4\u30c8\u3001SNS\u306e\u53cb\u4eba\u306e\u63a8\u85a6\u306a\u3069\uff09", "created_at": "2020-09-08T07:36:12.360Z", "updated_at": "2020-09-08T08:25:33.706Z", "note": 33}}, {"model": "notepad.question", "pk": 46, "fields": {"question": "\u300c\u5185\u5bb9\u30d9\u30fc\u30b9\u30d5\u30a3\u30eb\u30bf\u30ea\u30f3\u30b0\u300d\u3068\u306f", "hint": "", "answer": "\u300c\u81ea\u5206\u304c\u6d88\u8cbb\u3057\u305f\u5546\u54c1\u300d\u3068\u300c\u4f3c\u305f\u5546\u54c1\u300d\u3092\u304a\u3059\u3059\u3081\u3059\u308b\u3053\u3068\r\n\r\n\uff08etc. \u540c\u3058\u30ab\u30c6\u30b4\u30ea\u306e\u5546\u54c1\u3001\u95a2\u9023\u3059\u308b\u30cb\u30e5\u30fc\u30b9\uff09", "created_at": "2020-09-08T07:39:06.615Z", "updated_at": "2020-09-08T08:25:04.170Z", "note": 33}}, {"model": "notepad.question", "pk": 47, "fields": {"question": "\u5354\u8abf\u30d5\u30a3\u30eb\u30bf\u30ea\u30f3\u30b0\u304c\u5f97\u610f\u306a\u5b9f\u88c5\u306f\uff1f", "hint": "", "answer": "\u77ed\u671f\u9593\u3067\u8907\u6570\u306e\u6d88\u8cbb\u304c\u306a\u3055\u308c\u308b\u30b5\u30fc\u30d3\u30b9\r\n\uff08etc. EC\u30b5\u30a4\u30c8\u3001SNS\uff09", "created_at": "2020-09-08T07:53:41.302Z", "updated_at": "2020-09-08T08:30:53.629Z", "note": 33}}, {"model": "notepad.question", "pk": 48, "fields": {"question": "explicit feedback \u3068\u306f\u306a\u306b\u304b", "hint": "", "answer": "\u8cfc\u5165\u3084\u8a55\u4fa1\u306a\u3069\u30e6\u30fc\u30b6\u304c\u660e\u78ba\u306b\u8208\u5473\u3092\u3082\u3063\u305f\u60c5\u5831", "created_at": "2020-09-08T07:54:48.403Z", "updated_at": "2020-09-08T07:54:48.403Z", "note": 33}}, {"model": "notepad.question", "pk": 49, "fields": {"question": "implicit feedback \u3068\u306f\u306a\u306b\u304b", "hint": "", "answer": "\u95b2\u89a7\u306a\u3069\u81ea\u7136\u306b\u5f97\u305f\u60c5\u5831", "created_at": "2020-09-08T07:55:21.962Z", "updated_at": "2020-09-08T07:55:21.962Z", "note": 33}}, {"model": "notepad.question", "pk": 50, "fields": {"question": "\u5354\u8abf\u30d5\u30a3\u30eb\u30bf\u30ea\u30f3\u30b0\u306e\u82e6\u624b\u306a\u3053\u3068", "hint": "", "answer": "\u30fb\u30cb\u30e5\u30fc\u30b9\u306a\u3069\u306e\u300c\u65b0\u3057\u3044\u4fa1\u5024\u300d\u306f\u9069\u7528\u3067\u304d\u306a\u3044\r\n\uff08\u53e4\u3044\u30cb\u30e5\u30fc\u30b9\u304c\u304a\u3059\u3059\u3081\u3055\u308c\u3066\u3082\u3001\u3001\uff09\r\n\u30fb\u84c4\u7a4d\u3055\u308c\u305f\u30c7\u30fc\u30bf\u304c\u306a\u3044\u3068\u9069\u7528\u3067\u304d\u306a\u3044", "created_at": "2020-09-08T07:57:40.782Z", "updated_at": "2020-09-08T09:19:25.650Z", "note": 33}}, {"model": "notepad.question", "pk": 51, "fields": {"question": "\u5185\u5bb9\u30d9\u30fc\u30b9\u30d5\u30a3\u30eb\u30bf\u30ea\u30f3\u30b0\u306e\u5f97\u610f\u306a\u5b9f\u88c5\u306f\uff1f", "hint": "", "answer": "\u30fb\u300c\u5546\u54c1\u3068\u5546\u54c1\u306e\u8ddd\u96e2\uff08\u985e\u4f3c\u5ea6\uff09\u300d\u3068\u300c\u30e6\u30fc\u30b6\u306e\u95a2\u5fc3\u300d\u304c\u8fd1\u3044\u307b\u3069\u6709\u52b9\r\n\uff08\u540c\u3058\u30ab\u30c6\u30b4\u30ea\u5546\u54c1\u3001\u540c\u69d8\u306e\u30cb\u30e5\u30fc\u30b9\u306a\u3069\uff09\r\n\u30fb\u84c4\u7a4d\u3055\u308c\u305f\u30c7\u30fc\u30bf\u304c\u306a\u304f\u3066\u3082\u9069\u7528\u3067\u304d\u308b", "created_at": "2020-09-08T08:29:50.048Z", "updated_at": "2020-09-08T08:32:50.537Z", "note": 33}}, {"model": "notepad.question", "pk": 52, "fields": {"question": "\u5185\u5bb9\u30d9\u30fc\u30b9\u30d5\u30a3\u30eb\u30bf\u30ea\u30f3\u30b0\u306e\u82e6\u624b\u306a\u3053\u3068\u306f", "hint": "", "answer": "\u30fb\u5546\u54c1\u540c\u58eb\u304b\u3089\u9069\u5207\u306b\u8ddd\u96e2\u3092\u5b9a\u7fa9\u3059\u308b\u3053\u3068\u304c\u96e3\u3057\u3044\r\n\u30fb\u5546\u54c1\u306e\u8cea\u304c\u4f4e\u3044\u3068UX\u304c\u60aa\u304f\u306a\u308b", "created_at": "2020-09-08T09:18:37.218Z", "updated_at": "2020-09-08T09:18:37.218Z", "note": 33}}, {"model": "notepad.question", "pk": 53, "fields": {"question": "\u300c\u30e6\u30fc\u30b6\u30d9\u30fc\u30b9\u5354\u8abf\u30d5\u30a3\u30eb\u30bf\u30ea\u30f3\u30b0\u300d\u3068\u306f", "hint": "\uff08\u3042\u306a\u305f\u3068\u540c\u3058\u5546\u54c1\u3092\u8cfc\u5165\u3057\u3066\u3044\u308b\u4eba\u306fB\u3082\u8cfc\u5165\u3057\u3066\u3044\u307e\u3059\uff09", "answer": "\u2460\u30e6\u30fc\u30b6\u30d9\u30af\u30c8\u30eb\u3092\u4f5c\u6210\u3057\u3001\u30e6\u30fc\u30b6i\u3068j\u306e\u8ddd\u96e2\u3092\u8a08\u308b\r\n\u2461i\u3068j\u306e\u8ddd\u96e2\u304c\u8fd1\u3044\u304b\u5224\u5b9a\r\n\u2462\u8ddd\u96e2\u304c\u8fd1\u3044\u5834\u5408\u3001i\u306f\u8cfc\u5165\u3057\u3066\u306a\u3044j\u304c\u8cfc\u5165\u3057\u305f\u5546\u54c1\u3092\u63a8\u85a6", "created_at": "2020-09-08T09:57:12.515Z", "updated_at": "2020-09-09T06:52:38.731Z", "note": 33}}, {"model": "notepad.question", "pk": 54, "fields": {"question": "\u300c\u8a55\u4fa1\u5024\u884c\u5217\uff08\u30e6\u30fc\u30b6 - \u30a2\u30a4\u30c6\u30e0\u884c\u5217\uff09\u300d\u3068\u306f\uff1f", "hint": "", "answer": "\u30e6\u30fc\u30b6N\u4eba\u304c\u5546\u54c1M\u500b\u306b\u5bfe\u3057\u3066\u8a55\u4fa1\u3057\u305f\u884c\u5217", "created_at": "2020-09-08T10:12:58.207Z", "updated_at": "2020-09-09T06:32:55.193Z", "note": 33}}, {"model": "notepad.question", "pk": 55, "fields": {"question": "\u30fb\u30b3\u30b5\u30a4\u30f3\u8ddd\u96e2\r\n\u30fb\u30b8\u30e3\u30ab\u30fc\u30c9\u4fc2\u6570", "hint": "", "answer": "\u30e6\u30fc\u30b6\u30d9\u30fc\u30b9\u5354\u8abf\u30d5\u30a3\u30eb\u30bf\u30ea\u30f3\u30b0\u3067\u6271\u3046\u3001\u985e\u4f3c\u5ea6\u306e\u7a2e\u985e", "created_at": "2020-09-09T06:32:29.174Z", "updated_at": "2020-09-09T06:32:29.174Z", "note": 33}}, {"model": "notepad.question", "pk": 56, "fields": {"question": "\u300c\u30a2\u30a4\u30c6\u30e0\u30d9\u30fc\u30b9\u5354\u8abf\u30d5\u30a3\u30eb\u30bf\u30ea\u30f3\u30b0\u300d\u3068\u306f", "hint": "\uff08\u3053\u306e\u5546\u54c1\u3092\u8cfc\u5165\u3057\u305f\u4eba\u306fB\u3082\u8cfc\u5165\u3057\u3066\u3044\u307e\u3059\uff09", "answer": "\u2460\u30e6\u30fc\u30b6\u3092\u6b21\u5143(u)\u3001\u6b21\u5143\u306e\u5024\u3092\u5546\u54c1\u306e\u8a55\u4fa1(r)\u3068\u3057\u3001\u30a2\u30a4\u30c6\u30e0(v)\u3092\u30d9\u30af\u30c8\u30eb\u4f5c\u6210\u3059\u308b\r\n\u2461\u30a2\u30a4\u30c6\u30e0\u30d9\u30af\u30c8\u30eb(v i)\u3068(v j)\u306e\u985e\u4f3c\u5ea6\u3092\u6e2c\u308b\r\n\u2462\u8ddd\u96e2\u304c\u8fd1\u3044\u5834\u5408\u306f\u63a8\u85a6", "created_at": "2020-09-09T06:40:27.066Z", "updated_at": "2020-09-09T06:56:31.332Z", "note": 33}}, {"model": "notepad.question", "pk": 57, "fields": {"question": "shell\u30d5\u30a1\u30a4\u30eb\u306e\u5b9f\u884c", "hint": "", "answer": "source hoge.sh", "created_at": "2020-09-09T08:20:47.857Z", "updated_at": "2020-09-09T08:20:47.857Z", "note": 31}}, {"model": "notepad.question", "pk": 58, "fields": {"question": "\u300c\u30e1\u30e2\u30ea\u30d9\u30fc\u30b9\u300d\u3068\u300c\u30e2\u30c7\u30eb\u30d9\u30fc\u30b9\u300d\u306e\u9055\u3044\u306f\u4f55\u304b", "hint": "", "answer": "\u30fb\u30e1\u30e2\u30ea\u30d9\u30fc\u30b9: \u30b7\u30b9\u30c6\u30e0\u304c\u6301\u3064\u30c7\u30fc\u30bf\u3092\u76f4\u63a5recommender\u306b\u7d44\u307f\u8fbc\u3080\r\n\u30fb\u30e2\u30c7\u30eb\u30d9\u30fc\u30b9: \u7d71\u8a08\u7684\u306a\u624b\u6cd5\u3092\u53d6\u308a\u5165\u308c\u305frecommender\r\n\r\n\uff08\u5354\u8abf\u30d5\u30a3\u30eb\u30bf\u30ea\u30f3\u30b0\u306f\u300c\u6b21\u5143\u524a\u6e1b\u300d\u3001\u5185\u5bb9\u30d9\u30fc\u30b9\u30d5\u30a3\u30eb\u30bf\u30ea\u30f3\u30b0\u306f\u300c\u5206\u985e\u300d\u3092\u6271\u3046\uff09", "created_at": "2020-09-09T08:50:10.708Z", "updated_at": "2020-09-09T08:55:29.686Z", "note": 33}}, {"model": "notepad.question", "pk": 59, "fields": {"question": "\u7d75\u6587\u5b57", "hint": "", "answer": "control + command + space\ud83d\udc69\u200d\ud83d\udcbb", "created_at": "2020-09-10T17:15:04.462Z", "updated_at": "2020-09-10T17:15:04.462Z", "note": 34}}, {"model": "notepad.question", "pk": 60, "fields": {"question": "pip: \u30d0\u30fc\u30b8\u30e7\u30f3\u6307\u5b9a\u3057\u3066\u30a2\u30c3\u30d7\u30b0\u30ec\u30fc\u30c9", "hint": "", "answer": "pip install -U pip==2.0.23", "created_at": "2020-09-13T07:48:21.838Z", "updated_at": "2020-09-13T07:48:21.838Z", "note": 30}}, {"model": "notepad.question", "pk": 61, "fields": {"question": "\u3072\u3089\u304c\u306a\u5909\u63db", "hint": "", "answer": "control + J", "created_at": "2020-09-16T13:01:50.431Z", "updated_at": "2020-09-16T13:01:50.431Z", "note": 34}}, {"model": "notepad.question", "pk": 62, "fields": {"question": "\u30ab\u30bf\u30ab\u30ca\u5909\u63db", "hint": "", "answer": "control + K", "created_at": "2020-09-16T13:02:11.472Z", "updated_at": "2020-09-16T13:02:11.472Z", "note": 34}}, {"model": "notepad.question", "pk": 63, "fields": {"question": "\u30b9\u30af\u30b7\u30e7", "hint": "", "answer": "command + shift + 4", "created_at": "2020-09-16T13:03:14.566Z", "updated_at": "2020-09-16T13:03:14.566Z", "note": 34}}, {"model": "notepad.question", "pk": 64, "fields": {"question": "\u52d5\u753b\u30ad\u30e3\u30d7\u30c1\u30e3", "hint": "", "answer": "command + shift + 5", "created_at": "2020-09-16T13:03:52.782Z", "updated_at": "2020-09-16T13:03:52.782Z", "note": 34}}, {"model": "notepad.question", "pk": 65, "fields": {"question": "ssh\u306e\u4f5c\u6210", "hint": "https://docs.github.com/en/github/authenticating-to-github/gener", "answer": "ssh-keygen -t rsa -b 4096 -C \"your_email@example.com\"", "created_at": "2020-09-18T09:33:01.237Z", "updated_at": "2020-09-18T09:50:02.164Z", "note": 36}}, {"model": "notepad.question", "pk": 66, "fields": {"question": ":wq", "hint": "", "answer": "\u4fdd\u5b58\u3057\u3066\u7d42\u4e86", "created_at": "2020-09-18T11:10:59.566Z", "updated_at": "2020-09-18T11:10:59.566Z", "note": 13}}, {"model": "notepad.question", "pk": 67, "fields": {"question": "ssh-agent\u306e\u767b\u9332\u4e00\u89a7", "hint": "", "answer": "ssh-add -l", "created_at": "2020-09-18T11:47:57.758Z", "updated_at": "2020-09-18T11:47:57.758Z", "note": 36}}, {"model": "notepad.question", "pk": 68, "fields": {"question": "KPI", "hint": "Key Performance Indicator", "answer": "\u30d1\u30d5\u30a9\u30fc\u30de\u30f3\u30b9\u6307\u6a19\u3002\r\n\u300cKGI\u306e\u4e2d\u9593\u76ee\u6a19\u300d\u304b\u3064\u300c\u5b9a\u91cf\u7684\u306a\u6307\u6a19\u300d\u3068\u3057\u3066\u5229\u7528\u3055\u308c\u308b\u3053\u3068\u304c\u591a\u3044\u3002\r\n\r\n- \u30af\u30ea\u30c3\u30af\u7387\r\n- \u8cfc\u5165\u7387\r\n- \u56de\u904a\u7387\r\n- Twitter\u6295\u7a3f\u56de\u6570\r\n- \u30b3\u30df\u30e5\u30cb\u30c6\u30a3\u306e\u6240\u5c5e\u6570\r\n- \u304a\u6c17\u306b\u5165\u308a\u306e\u30b3\u30df\u30e5\u30cb\u30c6\u30a3", "created_at": "2020-09-21T12:13:18.601Z", "updated_at": "2020-09-21T12:47:11.118Z", "note": 37}}, {"model": "notepad.question", "pk": 69, "fields": {"question": "KGI", "hint": "Key Goal Indicator", "answer": "\u30d3\u30b8\u30cd\u30b9\u306e\u300c\u6700\u7d42\u76ee\u6a19\u300d\u306e\u3053\u3068\u3002\r\n\u76ee\u6a19\u306f\u7de9\u3084\u304b\u306b\u8a2d\u5b9a\u3055\u308c\u3001\u53b3\u6b63\u306a\u4e2d\u9593\u6307\u6a19\u3068\u3057\u3066KPI\u304c\u4f7f\u308f\u308c\u308b\u3002\r\n\r\n(\u4f8b: \u65b0\u898f\u4f1a\u54e1\u30922\u500d\u306b\u3059\u308b\u3001\u5168\u30e6\u30fc\u30b6\u306e8\u5272\u304c\u5229\u7528\u56de\u65701\u56de => 5\u5272\u307e\u3067\u6e1b\u3089\u3059)", "created_at": "2020-09-21T12:21:14.820Z", "updated_at": "2020-09-21T12:21:14.820Z", "note": 37}}, {"model": "notepad.question", "pk": 70, "fields": {"question": "OKR", "hint": "Objective and Key Result", "answer": "\u76ee\u6a19(Objective)\u3068\u6210\u679c\u6307\u6a19(Key Result)\u306e\u3053\u3068\u3002\r\n\u76ee\u6a19\u3068\u671f\u9593(1\u9031\u9593 ~ \u6570\u30f6\u6708)\u3001\u5b9a\u91cf\u7684\u306a\u6307\u6a19\u3092\u6c7a\u3081\u308b\u3002\r\n\r\n- \u76ee\u6a19\u306f1\u3064\u306e\u307f\u8a2d\u5b9a\u3002\u300c\u3061\u3087\u3063\u3068\u9054\u6210\u3067\u304d\u306a\u3044\u306a\u3001\u3001\u300d\u3092\u57fa\u6e96\u306b\u3059\u308b\u3002\r\n- \u6307\u6a19\u306f1~3\u3064\u8a2d\u5b9a\u3002\u300c\u5e73\u5747\u3092100\u3001\u6a19\u6e96\u504f\u5dee\u309210\u300d\u3068\u3059\u308b\u3002\r\n- \u76ee\u6a19\u3068\u6307\u6a19\u306f\u5fc5\u305a\u30aa\u30fc\u30d7\u30f3\u306b\u3057\u8ab0\u3067\u3082\u898b\u308c\u308b\u3088\u3046\u306b\u3059\u308b\u3002\r\n- \u67d4\u8edf\u306b\u30d5\u30a3\u30fc\u30c9\u30d0\u30c3\u30af\u306e\u6a5f\u4f1a\u3092\u8a2d\u3051\u308b(2~4\u9031\u9593\u306b1\u56de\u304f\u3089\u3044)", "created_at": "2020-09-21T12:38:06.990Z", "updated_at": "2020-09-21T12:42:50.993Z", "note": 37}}, {"model": "notepad.question", "pk": 71, "fields": {"question": "\u30c7\u30a3\u30ec\u30af\u30c8\u30ea\u524a\u9664", "hint": "", "answer": "rm -r dir_name", "created_at": "2020-09-21T15:14:43.138Z", "updated_at": "2020-10-28T11:02:30.916Z", "note": 31}}, {"model": "notepad.question", "pk": 72, "fields": {"question": "mac\u3067\u65b9\u753b\u9762\u306e\u307f\u4f7f\u7528", "hint": "", "answer": "sudo nvram boot-args=\"iog=0x0\"\r\n\r\n\uff08\u5143\u306b\u623b\u3059: sudo nvram -d boot-args\uff09", "created_at": "2020-09-23T05:51:46.216Z", "updated_at": "2020-09-23T05:53:01.587Z", "note": 31}}, {"model": "notepad.question", "pk": 73, "fields": {"question": "hoge", "hint": "", "answer": "a", "created_at": "2020-10-07T16:04:23.494Z", "updated_at": "2020-10-09T07:50:07.337Z", "note": 12}}, {"model": "notepad.question", "pk": 74, "fields": {"question": "def assert_form(questions=[''], hints=['h'*65], answers=['']):\r\n            for q in questions:\r\n                for hint in hin", "hint": "", "answer": "hoge", "created_at": "2020-10-09T07:40:11.010Z", "updated_at": "2020-10-09T07:40:11.010Z", "note": 12}}, {"model": "notepad.question", "pk": 75, "fields": {"question": "t", "hint": "", "answer": "t", "created_at": "2020-10-09T07:53:46.822Z", "updated_at": "2020-10-09T07:53:46.822Z", "note": 12}}, {"model": "notepad.question", "pk": 76, "fields": {"question": "VP of Engineer", "hint": "Vice President", "answer": "\u3010VP of Engineering\u3011\r\n\u30a8\u30f3\u30b8\u30cb\u30a2\u7d44\u7e54\u3092\u6210\u529f\u306b\u5c0e\u304f\u3001\u30c1\u30fc\u30e0\u30d3\u30eb\u30c0\u30fc\u7684\u306a\u5b58\u5728\r\n\u7d44\u7e54\u8ab2\u984c\u306b\u53d6\u308a\u7d44\u3080\r\n\u9ad8\u3044\u30b3\u30df\u30e5\u30cb\u30b1\u30fc\u30b7\u30e7\u30f3\u80fd\u529b\u3001\u8ab2\u984c\u89e3\u6c7a\u80fd\u529b\u304c\u6c42\u3081\u3089\u308c\u308b\r\n\u63a1\u7528\u3001\u80b2\u6210\u3001\u30de\u30cd\u30b8\u30e1\u30f3\u30c8\r\n\r\n\u3010CTO\u3011\r\n\u793e\u5185\uff08\u7d44\u7e54\uff09\u306e\u4e2d\u3067\u3001\u6700\u3082\u6280\u8853\u306b\u5f37\u3044\u5b58\u5728\r\n\u6280\u8853\u8ab2\u984c\u306b\u53d6\u308a\u7d44\u3080\r\n\u30a2\u30fc\u30ad\u30c6\u30af\u30c8\u3067\u3042\u308a\u3001\u8003\u5bdf\u8005\u3067\u3042\u308a\u3001\u5b9f\u9a13\u8005\u3067\u3042\u308a\u3001\u8a66\u9a13\u8005\r\n\u6280\u8853\u6226\u7565\u30fb\u6280\u8853\u65b9\u91dd\u3092\u63cf\u304f\u3053\u3068\u306b\u7279\u5316\u3057\u3066\u3044\u308b\r\n\u591a\u304f\u306e\u5834\u5408\u3001\u5275\u696d\u671f\u3088\u308a\u6280\u8853\u9762\u3067\u305d\u306e\u4f01\u696d\u3092\u652f\u3048\u3001CEO\u3084COO\u306e\u3088\u3046\u306b\u7d4c\u55b6\u306b\u53c2\u753b\u3057\u3066\u3044\u308b", "created_at": "2020-10-20T01:47:37.257Z", "updated_at": "2020-10-20T01:47:37.257Z", "note": 38}}, {"model": "notepad.question", "pk": 77, "fields": {"question": "People Operations Div.", "hint": "", "answer": "\u4eba\u4e8b\u90e8", "created_at": "2020-10-20T01:50:59.807Z", "updated_at": "2020-10-20T01:50:59.807Z", "note": 38}}, {"model": "notepad.question", "pk": 78, "fields": {"question": "DAU", "hint": "", "answer": "SNS\u306a\u3069\u306e\u30b5\u30fc\u30d3\u30b9\u3067\u30011\u65e5\u306b\u30b5\u30fc\u30d3\u30b9\u3092\u5229\u7528\u3057\u305f\u30e6\u30fc\u30b6\u30fc\uff08\u30a2\u30af\u30c6\u30a3\u30d6\u30e6\u30fc\u30b6\u30fc\uff09\u306e\u6570\u306e\u3053\u3068\u3067\u3042\u308b\u3002", "created_at": "2020-10-20T01:52:07.710Z", "updated_at": "2020-10-20T01:52:59.698Z", "note": 37}}, {"model": "notepad.question", "pk": 79, "fields": {"question": "\u30d7\u30c3\u30b7\u30e5\u914d\u4fe1", "hint": "", "answer": "\u30d7\u30c3\u30b7\u30e5\u901a\u77e5\u306e\u3053\u3068", "created_at": "2020-10-20T01:55:10.361Z", "updated_at": "2020-10-20T01:55:10.361Z", "note": 37}}, {"model": "notepad.question", "pk": 80, "fields": {"question": "SDK", "hint": "", "answer": "\u52b9\u7387\u7684\u306b\u958b\u767a\u3067\u304d\u308b\u3088\u3046\u306b\u3001\u30d7\u30ed\u30b0\u30e9\u30e0\u3001API\u3001\u30b5\u30f3\u30d7\u30eb\u30b3\u30fc\u30c9\u306a\u3069\u3092\u30d1\u30c3\u30b1\u30fc\u30b8\u306b\u3057\u305f\u3082\u306e", "created_at": "2020-10-20T01:56:53.189Z", "updated_at": "2020-10-20T01:56:53.189Z", "note": 37}}, {"model": "notepad.question", "pk": 81, "fields": {"question": "\u81ea\u52d5\u30bb\u30b0\u30e1\u30f3\u30c8", "hint": "\u81ea\u52d5\u30bb\u30b0\u30e1\u30f3\u30c8\u9818\u57df\u7ba1\u7406", "answer": "\u8868\u9818\u57df \u306b\u304a\u3051\u308b\u30c7\u30fc\u30bf\u30d6\u30ed\u30c3\u30af\u306e\u7a7a\u304d\u72b6\u614b\u3092\u5f93\u6765\u306e \u30d5\u30ea\u30fc\u30ea\u30b9\u30c8\u306b\u3088\u308b\u7ba1\u7406\u65b9\u5f0f \u3067\u306f\u306a\u304f\u30d3\u30c3\u30c8\u30de\u30c3\u30d7\u306b\u3088\u3063\u3066\u884c\u3046\u7ba1\u7406\u65b9\u6cd5", "created_at": "2020-10-20T02:02:19.535Z", "updated_at": "2020-10-20T02:02:19.535Z", "note": 37}}, {"model": "notepad.question", "pk": 82, "fields": {"question": "\u30de\u30fc\u30b1\u30c6\u30a3\u30f3\u30b0\u30a2\u30af\u30b7\u30e7\u30f3", "hint": "", "answer": "\u5e83\u544a\u306a\u3069\u306e\u63d0\u4f9b\u3055\u308c\u305f\u60c5\u5831\u306b\u3088\u3063\u3066\u5f15\u304d\u8d77\u3053\u3055\u308c\u308b\u884c\u52d5\u306e\u3053\u3068", "created_at": "2020-10-20T02:03:43.758Z", "updated_at": "2020-10-20T02:03:43.758Z", "note": 37}}, {"model": "notepad.question", "pk": 83, "fields": {"question": "\u30a2\u30d9\u30a4\u30e9\u30d3\u30ea\u30c6\u30a3\u30be\u30fc\u30f3", "hint": "", "answer": "\u30ea\u30fc\u30b8\u30e7\u30f3\u5185\u3067\u3055\u3089\u306b\u5206\u5272\u3055\u308c\u305f\u9818\u57df\u3002\r\n\u304b\u306a\u308a\u8ddd\u96e2\u304c\u96e2\u3055\u308c\u3066\u3044\u308b", "created_at": "2020-10-28T11:04:16.613Z", "updated_at": "2020-10-31T02:48:22.168Z", "note": 19}}, {"model": "notepad.question", "pk": 86, "fields": {"question": "heroku login", "hint": "", "answer": "\u30ed\u30b0\u30a4\u30f3\u3057\u307e\u3059", "created_at": "2020-10-28T14:49:07.254Z", "updated_at": "2020-10-28T14:49:07.254Z", "note": 39}}, {"model": "notepad.question", "pk": 87, "fields": {"question": "heroku create", "hint": "", "answer": "deploy\u3057\u307e\u3059\r\n\r\n\u4ee5\u4e0b\u306e\u30d5\u30a1\u30a4\u30eb\u304c\u5fc5\u8981\r\n- requirements.txt\r\n- runtime.txt", "created_at": "2020-10-28T14:50:37.348Z", "updated_at": "2020-10-28T15:19:53.685Z", "note": 39}}, {"model": "notepad.question", "pk": 88, "fields": {"question": "git push heroku main", "hint": "", "answer": "heroku\u30ea\u30e2\u30fc\u30c8\u306b\u30d7\u30c3\u30b7\u30e5\u3057\u307e\u3059", "created_at": "2020-10-28T14:51:25.013Z", "updated_at": "2020-10-28T14:51:25.013Z", "note": 39}}, {"model": "notepad.question", "pk": 89, "fields": {"question": "heroku ps:scale web=1", "hint": "", "answer": "\u30a2\u30d7\u30ea\u3092\u8d77\u52d5", "created_at": "2020-10-28T14:52:06.702Z", "updated_at": "2020-10-28T14:52:06.702Z", "note": 39}}, {"model": "notepad.question", "pk": 90, "fields": {"question": "heroku open", "hint": "", "answer": "access url", "created_at": "2020-10-28T14:52:23.392Z", "updated_at": "2020-10-28T14:52:23.392Z", "note": 39}}, {"model": "notepad.question", "pk": 91, "fields": {"question": "heroku logs --tail", "hint": "", "answer": "log", "created_at": "2020-10-28T14:53:44.639Z", "updated_at": "2020-10-28T14:53:44.639Z", "note": 39}}, {"model": "notepad.question", "pk": 92, "fields": {"question": "heroku local web", "hint": "", "answer": "run app local", "created_at": "2020-10-28T14:55:09.646Z", "updated_at": "2020-10-28T14:55:09.646Z", "note": 39}}, {"model": "notepad.question", "pk": 93, "fields": {"question": "heroku run python manage.py shell", "hint": "", "answer": "\u30ea\u30e2\u30fc\u30c8\u30b3\u30f3\u30bd\u30fc\u30eb\u3067\u5b9f\u884c", "created_at": "2020-10-28T15:11:45.903Z", "updated_at": "2020-10-28T15:11:45.903Z", "note": 39}}, {"model": "notepad.question", "pk": 94, "fields": {"question": "heroku run bash", "hint": "", "answer": "\u3070sy", "created_at": "2020-10-28T15:13:15.375Z", "updated_at": "2020-10-28T15:13:15.376Z", "note": 39}}, {"model": "notepad.question", "pk": 95, "fields": {"question": "heroku config", "hint": "", "answer": "environment variable\r\n\r\n- set variable\r\nheroku config:set TIMES=2", "created_at": "2020-10-28T15:15:57.082Z", "updated_at": "2020-10-28T15:15:57.082Z", "note": 39}}, {"model": "notepad.question", "pk": 96, "fields": {"question": "heroku pg", "hint": "", "answer": "postgres url", "created_at": "2020-10-28T15:20:41.948Z", "updated_at": "2020-10-28T15:21:34.675Z", "note": 39}}, {"model": "notepad.question", "pk": 97, "fields": {"question": "heroku pg:psql", "hint": "", "answer": "run postgres", "created_at": "2020-10-28T15:21:24.906Z", "updated_at": "2020-10-28T15:21:24.906Z", "note": 39}}, {"model": "notepad.question", "pk": 98, "fields": {"question": "a", "hint": "", "answer": "insert mode", "created_at": "2020-10-29T05:20:20.253Z", "updated_at": "2020-10-29T05:20:20.253Z", "note": 13}}, {"model": "notepad.question", "pk": 99, "fields": {"question": "i", "hint": "", "answer": "insert mode", "created_at": "2020-10-29T05:20:30.902Z", "updated_at": "2020-10-29T05:20:30.902Z", "note": 13}}, {"model": "notepad.question", "pk": 100, "fields": {"question": "A", "hint": "", "answer": "\u884c\u672b => insert mode", "created_at": "2020-10-29T05:21:07.951Z", "updated_at": "2020-10-29T15:41:38.833Z", "note": 13}}, {"model": "notepad.question", "pk": 101, "fields": {"question": "I", "hint": "", "answer": "\u5148\u982d => insert mode", "created_at": "2020-10-29T05:21:34.659Z", "updated_at": "2020-10-29T15:41:48.145Z", "note": 13}}, {"model": "notepad.question", "pk": 102, "fields": {"question": "yy", "hint": "", "answer": "copy row", "created_at": "2020-10-29T05:22:32.342Z", "updated_at": "2020-10-29T05:22:32.342Z", "note": 13}}, {"model": "notepad.question", "pk": 103, "fields": {"question": "dd", "hint": "", "answer": "cut row", "created_at": "2020-10-29T05:22:46.242Z", "updated_at": "2020-10-29T05:22:46.242Z", "note": 13}}, {"model": "notepad.question", "pk": 104, "fields": {"question": "p", "hint": "", "answer": "paste", "created_at": "2020-10-29T05:22:56.213Z", "updated_at": "2020-10-29T05:22:56.213Z", "note": 13}}, {"model": "notepad.question", "pk": 105, "fields": {"question": "heroku\u306essh", "hint": "", "answer": "1. heroku git:remote --app app_name (\u521d\u56de\u306e\u307f)\r\n2. heroku run", "created_at": "2020-10-29T08:50:18.394Z", "updated_at": "2020-10-29T08:51:41.171Z", "note": 39}}, {"model": "notepad.question", "pk": 106, "fields": {"question": "gg", "hint": "", "answer": "1\u884c\u76ee\u306b\u79fb\u52d5", "created_at": "2020-10-29T15:35:20.714Z", "updated_at": "2020-10-29T15:35:20.714Z", "note": 13}}, {"model": "notepad.question", "pk": 107, "fields": {"question": "G", "hint": "", "answer": "\u6700\u5f8c\u306e\u884c\u306b\u79fb\u52d5", "created_at": "2020-10-29T15:35:32.696Z", "updated_at": "2020-10-29T15:35:32.696Z", "note": 13}}, {"model": "notepad.question", "pk": 108, "fields": {"question": "H", "hint": "", "answer": "\u753b\u9762\u306e\u4e00\u756a\u4e0a\u306b\u79fb\u52d5", "created_at": "2020-10-29T15:36:49.408Z", "updated_at": "2020-10-29T15:36:49.408Z", "note": 13}}, {"model": "notepad.question", "pk": 109, "fields": {"question": "M", "hint": "", "answer": "\u753b\u9762\u306e\u771f\u4e2d\u306b\u79fb\u52d5", "created_at": "2020-10-29T15:37:17.803Z", "updated_at": "2020-10-29T15:37:17.803Z", "note": 13}}, {"model": "notepad.question", "pk": 110, "fields": {"question": "L", "hint": "", "answer": "\u753b\u9762\u306e\u4e00\u756a\u4e0b\u306b\u79fb\u52d5", "created_at": "2020-10-29T15:37:40.652Z", "updated_at": "2020-10-29T15:37:40.652Z", "note": 13}}, {"model": "notepad.question", "pk": 111, "fields": {"question": "heroku\u3067vim\u3092\u8d77\u52d5", "hint": "", "answer": "heroku plugins:install @jasonheecs/heroku-vim", "created_at": "2020-10-30T00:32:18.345Z", "updated_at": "2020-10-30T00:34:23.705Z", "note": 39}}, {"model": "notepad.question", "pk": 112, "fields": {"question": "p manage.py shell -c 'from django.core.management import utils; print(utils.get_random_secret_key())'", "hint": "", "answer": "SECRET_KEY\u306e\u4f5c\u6210", "created_at": "2020-10-30T06:08:12.114Z", "updated_at": "2020-10-30T06:08:12.114Z", "note": 1}}, {"model": "notepad.question", "pk": 113, "fields": {"question": "\u30b5\u30d6\u30cd\u30c3\u30c8", "hint": "", "answer": "VPC\u5185\u3067\u69cb\u7bc9\u3057\u305fCIDR\u30d6\u30ed\u30c3\u30af\uff08\u30cd\u30c3\u30c8\u30ef\u30fc\u30af\uff09\u3092\u3001\u3055\u3089\u306b\u5c0f\u3055\u306aCIDR\u30d6\u30ed\u30c3\u30af\u306b\u5206\u5272\u3059\u308b\u3053\u3068", "created_at": "2020-10-31T02:42:37.420Z", "updated_at": "2020-10-31T03:22:19.306Z", "note": 19}}, {"model": "notepad.question", "pk": 114, "fields": {"question": "NAT", "hint": "Network Address Translation", "answer": "IP\u30a2\u30c9\u30ec\u30b9\u3092\u5909\u63db\u3059\u308b\u6280\u8853\u3002\r\n\u300c\u30d7\u30e9\u30a4\u30d9\u30fc\u30c8IP\u30a2\u30c9\u30ec\u30b9\u300d\u304c\u30cd\u30c3\u30c8\u306b\u30d1\u30b1\u30c3\u30c8\u3092\u9001\u4fe1\u3059\u308b\u6642\u3001NAT\u306f\u9001\u4fe1\u5143\u306e\u30a2\u30c9\u30ec\u30b9\u3092\u300c\u30d1\u30d6\u30ea\u30c3\u30afIP\u30a2\u30c9\u30ec\u30b9\u300d\u306b\u5909\u63db\u3059\u308b\u3002", "created_at": "2020-10-31T02:44:52.634Z", "updated_at": "2020-11-02T03:35:41.746Z", "note": 19}}, {"model": "notepad.question", "pk": 115, "fields": {"question": "VPC", "hint": "Amazon Virtual Private Cloud", "answer": "AWS\u5185\u3067\u4f5c\u6210\u3055\u308c\u305f\u3001\u4eee\u88c5\u306e\u30b5\u30fc\u30d0\u74b0\u5883\u306e\u3053\u3068\u3002\r\n\u9078\u629e\u3057\u305f\u30ea\u30fc\u30b8\u30e7\u30f3\u5185\u306bVPC\u304c\u69cb\u7bc9\u3055\u308c\u308b\u3002", "created_at": "2020-10-31T02:52:54.596Z", "updated_at": "2020-11-02T03:21:22.381Z", "note": 19}}, {"model": "notepad.question", "pk": 116, "fields": {"question": "AWS\u3092\u5229\u7528\u3059\u308b\u969b\u306e\u57fa\u672c\u7684\u306a\u30d5\u30ed\u30fc", "hint": "", "answer": "1. VPC/\u30b5\u30d6\u30cd\u30c3\u30c8/\u30a4\u30f3\u30bf\u30fc\u30cd\u30c3\u30c8\u30b2\u30fc\u30c8\u30a6\u30a7\u30a4/\u30eb\u30fc\u30c8\u30c6\u30fc\u30d6\u30eb/\u30c7\u30d5\u30a9\u30eb\u30c8\u30b2\u30fc\u30c8\u30a6\u30a7\u30a4\r\n2. EC2/\u30ea\u30fc\u30b8\u30e7\u30f3\u78ba\u8a8d/AMI/\u81ea\u52d5\u30d1\u30d6\u30ea\u30c3\u30afIP/\u30cd\u30c3\u30c8\u30ef\u30fc\u30af\u30a4\u30f3\u30bf\u30fc\u30d5\u30a7\u30fc\u30b9/\u30bf\u30b0\u8ffd\u52a0/\u30ad\u30fc\u30da\u30a2/SSH\r\n3.  Apache\u30a4\u30f3\u30b9\u30c8\u30fc\u30eb/\u81ea\u52d5\u8d77\u52d5\u8a2d\u5b9a/\u30dd\u30fc\u30c8\u958b\u653e/DNS\u8a2d\u5b9a\r\n4. HTTP\r\n5. \u30d7\u30e9\u30a4\u30d9\u30fc\u30c8\u30b5\u30d6\u30cd\u30c3\u30c8/\u30a4\u30f3\u30b9\u30bf\u30f3\u30b9\u306eping/\u79d8\u5bc6\u9375SCP/\u8e0f\u307f\u53f0\u30b5\u30fc\u30d0\r\n6. NAT\u30b2\u30fc\u30c8\u30a6\u30a7\u30a4/Elastic IP/\u30c7\u30d5\u30a9\u30eb\u30c8\u30b2\u30fc\u30c8\u30a6\u30a7\u30a4/\u30eb\u30fc\u30c8\u30c6\u30fc\u30d6\u30eb\r\n7. DB\u69cb\u7bc9", "created_at": "2020-10-31T02:56:00.705Z", "updated_at": "2020-11-10T10:08:33.444Z", "note": 19}}, {"model": "notepad.question", "pk": 117, "fields": {"question": "CIDR", "hint": "Classess Inter-Domain Routing", "answer": "\u30d7\u30e9\u30a4\u30d9\u30fc\u30c8IP\u30a2\u30c9\u30ec\u30b9\u306e\u300c\u30cd\u30c3\u30c8\u30ef\u30fc\u30af\u90e8\u306e\u30d3\u30c3\u30c8\u9577\u300d\u3092\u793a\u3059\u65b9\u6cd5", "created_at": "2020-10-31T03:10:11.655Z", "updated_at": "2020-10-31T03:10:11.655Z", "note": 19}}, {"model": "notepad.question", "pk": 118, "fields": {"question": "\u30d7\u30ec\u30d5\u30a3\u30c3\u30af\u30b9", "hint": "", "answer": "CIDR\u8868\u8a18\u306e\u30cd\u30c3\u30c8\u30ef\u30fc\u30af\u90e8\u306e\u30d3\u30c3\u30c8\u9577\u306e\u3053\u3068\r\n\r\n\u4f8b: 192.168.1.0/24 => /24\u304c\u30d7\u30ec\u30d5\u30a3\u30c3\u30af\u30b9", "created_at": "2020-10-31T03:12:00.905Z", "updated_at": "2020-10-31T03:12:00.905Z", "note": 19}}, {"model": "notepad.question", "pk": 119, "fields": {"question": "\u30a4\u30f3\u30bf\u30fc\u30cd\u30c3\u30c8\u30b2\u30fc\u30c8\u30a6\u30a7\u30a4", "hint": "", "answer": "\u30b5\u30d6\u30cd\u30c3\u30c8\u3092\u30a4\u30f3\u30bf\u30fc\u30cd\u30c3\u30c8\u306b\u63a5\u7d9a\u3059\u308b\u305f\u3081\u306b\u7528\u3044\u308b\u3082\u306e\u3002\r\n\u300c\u30d7\u30e9\u30d9\u30fc\u30c8\u30cd\u30c3\u30c8\u30ef\u30fc\u30af\u306b\u30a4\u30f3\u30bf\u30fc\u30cd\u30c3\u30c8\u56de\u7dda\u3092\u5f15\u304d\u8fbc\u3080\u300d\u306b\u8fd1\u3044\u4f5c\u696d\u3002", "created_at": "2020-10-31T03:42:30.965Z", "updated_at": "2020-10-31T03:42:30.965Z", "note": 19}}, {"model": "notepad.question", "pk": 120, "fields": {"question": "\u30d1\u30b1\u30c3\u30c8", "hint": "", "answer": "\u30a4\u30f3\u30bf\u30fc\u30cd\u30c3\u30c8(TCP/IP)\u3067\u6271\u308f\u308c\u308b\u30c7\u30fc\u30bf\u3092\u7d30\u5207\u308c\u306b\u3057\u305f\u5358\u4f4d\u306e\u3053\u3068\u3002\r\n\u300c\u30d8\u30c3\u30c0\u30fc\u60c5\u5831\u300d\u3068\u300c\u30c7\u30fc\u30bf\u306e\u5b9f\u4f53\u300d\u3092\u542b\u3093\u3067\u3044\u308b\u3002", "created_at": "2020-10-31T03:53:20.721Z", "updated_at": "2020-10-31T03:53:20.721Z", "note": 19}}, {"model": "notepad.question", "pk": 122, "fields": {"question": "\u30c7\u30a3\u30b9\u30c6\u30a3\u30cd\u30fc\u30b7\u30e7\u30f3", "hint": "", "answer": "\u5b9b\u5148\u30a2\u30c9\u30ec\u30b9\u306e\u3053\u3068", "created_at": "2020-10-31T04:04:14.978Z", "updated_at": "2020-10-31T04:04:14.978Z", "note": 19}}, {"model": "notepad.question", "pk": 123, "fields": {"question": "\u30eb\u30fc\u30c8\u30c6\u30fc\u30d6\u30eb", "hint": "", "answer": "\u30c7\u30a3\u30b9\u30c6\u30a3\u30cd\u30fc\u30b7\u30e7\u30f3\u306b\u5fdc\u3058\u3066\u3069\u306e\u30bf\u30fc\u30b2\u30c3\u30c8\u3078\u6d41\u3059\u304b\u306e\u8a2d\u5b9a", "created_at": "2020-10-31T04:04:39.318Z", "updated_at": "2020-10-31T04:04:39.318Z", "note": 19}}, {"model": "notepad.question", "pk": 124, "fields": {"question": "\u30c7\u30d5\u30a9\u30eb\u30c8\u30b2\u30fc\u30c8\u30a6\u30a7\u30a4", "hint": "", "answer": "\u300c0.0.0.0/0\u300d\u3067\u793a\u3055\u308c\u308b\u3001\u8ee2\u9001\u5148\u304c\u4f55\u3082\u6307\u5b9a\u3055\u308c\u3066\u3044\u306a\u3044\u3001\u30c7\u30d5\u30a9\u30eb\u30c8\u306e\u8ee2\u9001\u5148\u306e\u3053\u3068\u3002\r\n\u300c0.0.0.0/0\u300d\u306f\u5168\u3066\u306eIP\u30a2\u30c9\u30ec\u30b9\u3092\u793a\u3059\u3002\r\n\u8ee2\u9001\u5148\u306f\u300c\u30a4\u30f3\u30bf\u30fc\u30cd\u30c3\u30c8\u30b2\u30fc\u30c8\u30a6\u30a7\u30a4\u300d\u3084\u300cNAT\u30b2\u30fc\u30c8\u30a6\u30a7\u30a4\u300d\u306a\u3069\u306b\u8a2d\u5b9a\u3059\u308b\u3002", "created_at": "2020-10-31T04:34:48.070Z", "updated_at": "2020-11-02T03:59:32.289Z", "note": 19}}, {"model": "notepad.question", "pk": 125, "fields": {"question": "EC2", "hint": "Amazon Elastic Compute Cloud", "answer": "VPC\u5185\u306e\u4eee\u88c5\u30b5\u30fc\u30d0\u306e\u3053\u3068\u3002\r\n\u4f5c\u6210\u3055\u308c\u305fEC2\u306e\u3053\u3068\u3092\u300c\u30a4\u30f3\u30b9\u30bf\u30f3\u30b9\u300d\u3068\u547c\u3076\u3002", "created_at": "2020-11-01T03:41:00.780Z", "updated_at": "2020-11-01T03:41:34.166Z", "note": 19}}, {"model": "notepad.question", "pk": 126, "fields": {"question": "AMI", "hint": "Amazon Machine Image", "answer": "EC2\u306eOS\u306e\u3053\u3068", "created_at": "2020-11-01T03:46:13.425Z", "updated_at": "2020-11-01T03:46:13.425Z", "note": 19}}, {"model": "notepad.question", "pk": 127, "fields": {"question": "\u30cd\u30c3\u30c8\u30ef\u30fc\u30af\u30a2\u30c9\u30ec\u30b9", "hint": "10.0.1.0", "answer": "\u30b5\u30d6\u30cd\u30c3\u30c8\u5185\u306e\u5148\u982d\u30d7\u30e9\u30a4\u30d9\u30fc\u30c8\u30a2\u30c9\u30ec\u30b9IP\u3002\r\n\u30cd\u30c3\u30c8\u30ef\u30fc\u30af\u5168\u4f53\u3092\u793a\u3059\u3002", "created_at": "2020-11-01T03:55:07.722Z", "updated_at": "2020-11-01T03:55:07.722Z", "note": 19}}, {"model": "notepad.question", "pk": 128, "fields": {"question": "\u30d6\u30ed\u30fc\u30c9\u30ad\u30e3\u30b9\u30c8\u30a2\u30c9\u30ec\u30b9", "hint": "10.0.1.255", "answer": "\u30b5\u30d6\u30cd\u30c3\u30c8\u306e\u672b\u5c3e\u306e\u30d7\u30e9\u30a4\u30d9\u30fc\u30c8IP\u30a2\u30c9\u30ec\u30b9\u3002\r\n\u30db\u30b9\u30c8\u5168\u4f53\u3092\u793a\u3059\u3002", "created_at": "2020-11-01T03:56:55.273Z", "updated_at": "2020-11-01T03:56:55.273Z", "note": 19}}, {"model": "notepad.question", "pk": 129, "fields": {"question": "ssh -i my-key.pem ec2-user@1.2.3.4", "hint": "", "answer": "EC2\u306eSSH\u63a5\u7d9a\u3002\r\nIP\u30a2\u30c9\u30ec\u30b9\u90e8\u306f\u3001EC2\u306e\u30d1\u30d6\u30ea\u30c3\u30afIP\u30a2\u30c9\u30ec\u30b9\u3002", "created_at": "2020-11-01T04:24:21.791Z", "updated_at": "2020-11-01T04:32:52.120Z", "note": 19}}, {"model": "notepad.question", "pk": 130, "fields": {"question": "chmod 400 key_name.pem", "hint": "WARNING: UNPROTECTED PRIVATE KEY FILE!\r\n\r\n\u3068\u8868\u793a\u3055\u308c\u305f\u6642\u306b\u6253\u3061\u8fbc\u3080", "answer": "\u30da\u30a2\u30ad\u30fc\u3092\u8aad\u307f\u53d6\u308a\u5c02\u7528\u306b\u3059\u308b\u30b3\u30de\u30f3\u30c9\u3002\r\n\u4e0a\u8a18\u30a8\u30e9\u30fc\u306f\u3001\u79d8\u5bc6\u9375\u304c\u5168\u30e6\u30fc\u30b6\u304c\u30a2\u30af\u30a2\u30bb\u30b9\u3067\u304d\u308b\u70ba\u751f\u3058\u308b\u3002", "created_at": "2020-11-01T04:35:51.509Z", "updated_at": "2020-11-01T04:35:51.509Z", "note": 19}}, {"model": "notepad.question", "pk": 131, "fields": {"question": "sudo lsof -i -n -P", "hint": "", "answer": "\u3069\u306e\u30dd\u30fc\u30c8\u304c\u3001\u3069\u306e\u30d7\u30ed\u30b0\u30e9\u30e0\u3092\u5f85\u3061\u53d7\u3051\u3066\u3044\u308b\u304b\u78ba\u8a8d\u3059\u308b\u3002\r\n\r\n- LISTEN: \u53d7\u4ed8\u72b6\u614b\r\n- ESTABLISHED: \u76f8\u624b\u3068\u901a\u4fe1\u4e2d", "created_at": "2020-11-01T04:52:18.526Z", "updated_at": "2020-11-01T05:16:48.872Z", "note": 19}}, {"model": "notepad.question", "pk": 132, "fields": {"question": "Well Know Port", "hint": "\u3088\u304f\u77e5\u3089\u308c\u3066\u3044\u308b\u30dd\u30fc\u30c8", "answer": "\u4ee3\u8868\u7684\u306a\u30a2\u30d7\u30ea\u304c\u6271\u3046\u30dd\u30fc\u30c8\u756a\u53f7\r\n\r\n22: SSH\r\n25: SMTP\r\n80: HTTP\r\n443: HTTPS", "created_at": "2020-11-01T05:35:46.950Z", "updated_at": "2020-11-01T05:35:46.950Z", "note": 19}}, {"model": "notepad.question", "pk": 133, "fields": {"question": "\u30a8\u30d5\u30a7\u30e1\u30e9\u30eb\u30dd\u30fc\u30c8", "hint": "", "answer": "\u4e00\u6642\u7684\u306a\u30e9\u30f3\u30c0\u30e0\u306e\u30dd\u30fc\u30c8", "created_at": "2020-11-01T05:36:41.550Z", "updated_at": "2020-11-01T05:36:41.550Z", "note": 19}}, {"model": "notepad.question", "pk": 134, "fields": {"question": "\u30d1\u30b1\u30c3\u30c8\u30d5\u30a3\u30eb\u30bf\u30ea\u30f3\u30b0", "hint": "", "answer": "IP\u30a2\u30c9\u30ec\u30b9\u3001\u30dd\u30fc\u30c8\u3092\u53c2\u7167\u3057\u3066\u30c7\u30fc\u30bf\u9001\u53d7\u4fe1\u306e\u53ef\u5426\u3092\u6c7a\u3081\u308b\u6a5f\u80fd", "created_at": "2020-11-01T05:38:06.269Z", "updated_at": "2020-11-01T05:38:06.269Z", "note": 19}}, {"model": "notepad.question", "pk": 135, "fields": {"question": "\u30a4\u30f3\u30d0\u30a6\u30f3\u30c9/\u30a2\u30a6\u30c8\u30d0\u30a6\u30f3\u30c9", "hint": "", "answer": "\u30a4\u30f3\u30d0\u30a6\u30f3\u30c9: \u5916 => EC2\u3078\u306e\u30a2\u30af\u30bb\u30b9\r\n\u30a2\u30a6\u30c8\u30d0\u30a6\u30f3\u30c9: \u5916 <= EC2\u3078\u306e\u30a2\u30af\u30bb\u30b9", "created_at": "2020-11-01T05:47:17.666Z", "updated_at": "2020-11-01T05:47:17.666Z", "note": 19}}, {"model": "notepad.question", "pk": 136, "fields": {"question": "sudo yum -y install httpd", "hint": "", "answer": "httpd(Apache)\u3092\u30a4\u30f3\u30b9\u30c8\u30fc\u30eb\u3059\u308b\u30b3\u30de\u30f3\u30c9\r\n\r\n- yum: download/install/uninstall\u3092\u884c\u3046\u3001\u7ba1\u7406\u8005\u30b3\u30de\u30f3\u30c9\r\n- **** -y: \u30e6\u30fc\u30b6\u78ba\u8a8d\u306a\u3057\u306b\u5b9f\u884c\u3059\u308b\u30aa\u30d7\u30b7\u30e7\u30f3", "created_at": "2020-11-01T05:55:23.012Z", "updated_at": "2020-11-01T05:55:23.012Z", "note": 19}}, {"model": "notepad.question", "pk": 137, "fields": {"question": "sudo systemctl start httpd.service", "hint": "", "answer": "\u6307\u5b9a\u3057\u305f\u30b3\u30de\u30f3\u30c9\uff08httpd\uff09\u3067\u3001start, stop, restart\u3092\u5b9f\u884c", "created_at": "2020-11-01T05:58:38.284Z", "updated_at": "2020-11-01T05:58:38.284Z", "note": 19}}, {"model": "notepad.question", "pk": 138, "fields": {"question": "sudo systemctl eneble httpd.service", "hint": "", "answer": "\u81ea\u52d5\u8d77\u52d5\u306b\u3064\u3044\u3066\u3001enable, disable, list-unit-files\u3092\u5b9f\u884c\r\n\r\nenable: \u30b5\u30fc\u30d0\u7acb\u3061\u4e0a\u3052\u6642\u306b\u81ea\u52d5\u3067\u8d77\u52d5", "created_at": "2020-11-01T08:26:56.863Z", "updated_at": "2020-11-01T08:27:55.660Z", "note": 19}}, {"model": "notepad.question", "pk": 139, "fields": {"question": "sudo systemctl list-unit-files -t service", "hint": "", "answer": "\u81ea\u52d5\u8d77\u52d5\u306b\u3064\u3044\u3066\u306e\u8a2d\u5b9a\u78ba\u8a8d\r\n\r\nhttpd.service: eneble => \u6709\u52b9", "created_at": "2020-11-01T08:34:21.859Z", "updated_at": "2020-11-01T08:34:21.859Z", "note": 19}}, {"model": "notepad.question", "pk": 140, "fields": {"question": "ps -ax | grep httpd", "hint": "", "answer": "\u4ed6\u306e\u7aef\u672b\u306b\u63a5\u7d9a\u3057\u3066\u3044\u308b\u3001\u5168\u3066\u306e\u30d7\u30ed\u30bb\u30b9\u3092\u53d6\u5f97\r\n\r\n-a: \u5168\u3066\r\n-x: \u63a5\u7d9a\u3055\u308c\u3066\u3044\u308b\r\n**** | grep httpd: httpd\u3068\u540d\u4ed8\u3051\u3089\u308c\u3066\u3044\u308b\u3082\u306e\u3092\u53d6\u5f97", "created_at": "2020-11-01T09:48:00.286Z", "updated_at": "2020-11-01T09:48:00.287Z", "note": 19}}, {"model": "notepad.question", "pk": 141, "fields": {"question": "nslookup example.com", "hint": "", "answer": "DNS\u306e\u540d\u524d\u89e3\u6c7a\u3092\u8abf\u3079\u308b\r\n\r\n-------------------------\r\nServer:\t\t8.8.8.8\r\nAddress:\t8.8.8.8#53\r\n\r\nNon-authoritative answer:\r\nName:\tec2-3-113-246-229.ap-northeast-1.compute.amazonaws.com\r\nAddress: 3.113.246.229\r\n-------------------------\r\n\r\n#53\u306f\u30dd\u30fc\u30c8\u756a\u53f7", "created_at": "2020-11-01T12:34:04.593Z", "updated_at": "2020-11-01T12:51:40.862Z", "note": 19}}, {"model": "notepad.question", "pk": 142, "fields": {"question": "nslookup 8.8.8.8", "hint": "", "answer": "IP\u30a2\u30c9\u30ec\u30b9\u304b\u3089\u30c9\u30e1\u30a4\u30f3\u540d\u3092\u53d6\u5f97\u3059\u308b\r\n\r\n----------------------\r\nServer:\t\t8.8.8.8\r\nAddress:\t8.8.8.8#53\r\n\r\nNon-authoritative answer:\r\n8.8.8.8.in-addr.arpa\tname = dns.google.\r\n----------------------", "created_at": "2020-11-01T12:47:22.783Z", "updated_at": "2020-11-01T12:52:10.991Z", "note": 19}}, {"model": "notepad.question", "pk": 143, "fields": {"question": "telnet www.example.com 80", "hint": "", "answer": "telnet: \u30ea\u30e2\u30fc\u30c8\u9593\u3067\u7aef\u672b\u306e\u3084\u308a\u3068\u308a\u3092\u884c\u3046\u30d7\u30ed\u30c8\u30b3\u30eb\u3002\r\n80: \u30dd\u30fc\u30c8\r\n\r\n* \u3053\u306e\u5f8c\u306b\u7d9a\u3051\u3066\u30ea\u30af\u30a8\u30b9\u30c8\u3092\u66f8\u304d\u8fbc\u3080\r\n----------------\r\nGET / HTTP / 1.1\r\nHOST: www.example.com\r\n----------------", "created_at": "2020-11-02T00:21:49.629Z", "updated_at": "2020-11-02T00:21:49.629Z", "note": 19}}, {"model": "notepad.question", "pk": 144, "fields": {"question": "ping 1.2.3.4", "hint": "", "answer": "ICMP\u30a8\u30b3\u30fc\u306erequest, response\u306e\u6642\u9593\u3092\u8a08\u6e2c", "created_at": "2020-11-02T01:49:05.544Z", "updated_at": "2020-11-02T01:49:05.544Z", "note": 19}}, {"model": "notepad.question", "pk": 145, "fields": {"question": "scp -i key.pem key.pem ec2-user@1.2.3.4:~/", "hint": "SCP: Secure Copy", "answer": "key_name.pem\u3092EC2\u30a4\u30f3\u30b9\u30bf\u30f3\u30b9\u306bSCP\u3059\u308b\u3002", "created_at": "2020-11-02T02:04:29.848Z", "updated_at": "2020-11-10T10:13:06.177Z", "note": 19}}, {"model": "notepad.question", "pk": 146, "fields": {"question": "curl www.example.com", "hint": "", "answer": "HTTP/FTP\u3067\u30d5\u30a1\u30a4\u30eb\u3092\u30c0\u30a6\u30f3\u30ed\u30fc\u30c9\u3001\u30a2\u30c3\u30d7\u30ed\u30fc\u30c9\u3059\u308b\u3002", "created_at": "2020-11-02T04:29:36.647Z", "updated_at": "2020-11-02T04:29:36.647Z", "note": 19}}, {"model": "notepad.question", "pk": 147, "fields": {"question": "yum -y install mariadb-server", "hint": "", "answer": "MariaDB\u3092\u30a4\u30f3\u30b9\u30c8\u30fc\u30eb", "created_at": "2020-11-02T04:57:56.788Z", "updated_at": "2020-11-02T04:57:56.788Z", "note": 19}}, {"model": "notepad.question", "pk": 148, "fields": {"question": "sudo systemctl start mariadb", "hint": "", "answer": "MariaDB\u3092\u8d77\u52d5", "created_at": "2020-11-02T05:03:40.205Z", "updated_at": "2020-11-02T05:03:40.205Z", "note": 19}}, {"model": "notepad.question", "pk": 149, "fields": {"question": "mysqladmin -u root password", "hint": "", "answer": "root\u306e\u30d1\u30b9\u30ef\u30fc\u30c9\u3092\u8a2d\u5b9a", "created_at": "2020-11-02T05:04:10.604Z", "updated_at": "2020-11-02T05:04:10.604Z", "note": 19}}, {"model": "notepad.question", "pk": 150, "fields": {"question": "mysql -u root -p", "hint": "", "answer": "MariaDB\u306e\u5bfe\u8a71\u74b0\u5883\u3078\u79fb\u884c", "created_at": "2020-11-02T05:04:51.668Z", "updated_at": "2020-11-02T05:04:51.668Z", "note": 19}}, {"model": "notepad.question", "pk": 151, "fields": {"question": "CREATE DATABASE wordpress DEFAULT CHARACTER SET utf8 COLLATE utf8_general_ci;", "hint": "", "answer": "utf8\u3092\u6587\u5b57\u30b3\u30fc\u30c9\u306b\u3001\u300cwordpress\u300d\u3068\u3044\u3046\u540d\u306eDB\u3092\u4f5c\u6210", "created_at": "2020-11-02T05:10:35.128Z", "updated_at": "2020-11-02T05:10:35.128Z", "note": 19}}, {"model": "notepad.question", "pk": 152, "fields": {"question": "grant all on wordpress.* to wordpress@\"%\" identified by 'wordpresspassword';", "hint": "", "answer": "wordpressDB\u306e\u6a29\u9650\u3092\u5168\u3066\u4e0e\u3048\u305fwordpresspassword\u3068\u3044\u3046\u30d1\u30b9\u30ef\u30fc\u30c9\u306ewordpress\u30e6\u30fc\u30b6\u3092\u4f5c\u6210", "created_at": "2020-11-02T05:16:22.610Z", "updated_at": "2020-11-02T05:16:22.610Z", "note": 19}}, {"model": "notepad.question", "pk": 153, "fields": {"question": "flush privileges;", "hint": "", "answer": "\u6a29\u9650\u3092\u53cd\u6620\u3055\u305b\u308b", "created_at": "2020-11-02T05:17:15.073Z", "updated_at": "2020-11-02T05:17:15.073Z", "note": 19}}, {"model": "notepad.question", "pk": 154, "fields": {"question": "select user, host from mysql.user;", "hint": "", "answer": "MariaDB\u306e\u30e6\u30fc\u30b6\u304b\u3089\u30e6\u30fc\u30b6\u540d\u3001\u6a29\u9650\u306e\u3042\u308b\u30db\u30b9\u30c8\u540d\u3092\u62bd\u51fa", "created_at": "2020-11-02T05:19:28.478Z", "updated_at": "2020-11-02T05:19:28.478Z", "note": 19}}, {"model": "notepad.question", "pk": 155, "fields": {"question": "sudo systemctl enable mariadb", "hint": "", "answer": "DB\u30b5\u30fc\u30d0\u304c\u8d77\u52d5\u3057\u305f\u3089\u3001MariaDB\u3092\u81ea\u52d5\u3067\u8d77\u52d5\u3059\u308b", "created_at": "2020-11-02T05:21:26.718Z", "updated_at": "2020-11-02T05:21:26.718Z", "note": 19}}, {"model": "notepad.question", "pk": 156, "fields": {"question": "sudo amazon-linux-extras install php7.3", "hint": "", "answer": "PHP\u306e\u30d0\u30fc\u30b8\u30e7\u30f3\u3092\u30a2\u30c3\u30d7\u30c7\u30fc\u30c8", "created_at": "2020-11-02T05:24:55.921Z", "updated_at": "2020-11-02T05:24:55.921Z", "note": 19}}, {"model": "notepad.question", "pk": 157, "fields": {"question": "sudo yum -y install php php-mbstring", "hint": "", "answer": "wordpress\u3092\u5b9f\u884c\u3059\u308b\u305f\u3081\u306ePHP\u30e9\u30a4\u30d6\u30e9\u30ea\u3092\u30c0\u30a6\u30f3\u30ed\u30fc\u30c9", "created_at": "2020-11-02T05:27:08.494Z", "updated_at": "2020-11-02T05:27:08.494Z", "note": 19}}, {"model": "notepad.question", "pk": 158, "fields": {"question": "sudo yum install mariadb-server", "hint": "", "answer": "Web\u30b5\u30fc\u30d0\u304b\u3089MariaDB\u3078\u63a5\u7d9a\u3059\u308b\u30e9\u30a4\u30d6\u30e9\u30ea", "created_at": "2020-11-02T05:31:14.353Z", "updated_at": "2020-11-02T05:31:14.353Z", "note": 19}}, {"model": "notepad.question", "pk": 159, "fields": {"question": "mysql -h 10.0.2.10 -u wordpress -p", "hint": "", "answer": "\u30db\u30b9\u30c810.0.2.10\u306eMariaDB\u3092\u3001\u30e6\u30fc\u30b6wordpress\u3067\u30ed\u30b0\u30a4\u30f3", "created_at": "2020-11-02T05:35:26.153Z", "updated_at": "2020-11-02T05:35:26.153Z", "note": 19}}, {"model": "notepad.question", "pk": 160, "fields": {"question": "wget https://ja.wordpress.org/latest-ja.tar.gz", "hint": "", "answer": "\u6700\u65b0\u7248\u306ewordpress\u3092\u30c0\u30a6\u30f3\u30ed\u30fc\u30c9", "created_at": "2020-11-02T05:42:38.336Z", "updated_at": "2020-11-02T05:42:38.336Z", "note": 19}}, {"model": "notepad.question", "pk": 161, "fields": {"question": "tar xzvf latest-ja.tar.gz", "hint": "", "answer": "\u30c0\u30a6\u30f3\u30ed\u30fc\u30c9\u3057\u305fwordpress\u3092\u5c55\u958b", "created_at": "2020-11-02T05:42:54.714Z", "updated_at": "2020-11-02T05:43:53.204Z", "note": 19}}, {"model": "notepad.question", "pk": 162, "fields": {"question": "$ pwd\r\n/home/ec2-user/wordpress\r\n\r\n$ sudo cp -r * /var/www/html/", "hint": "", "answer": "/var/www/html/\u30c7\u30a3\u30ec\u30af\u30c8\u30ea\u306b\u30b3\u30d4\u30fc", "created_at": "2020-11-02T05:53:44.309Z", "updated_at": "2020-11-02T05:53:44.309Z", "note": 19}}, {"model": "notepad.question", "pk": 163, "fields": {"question": "sudo chown apache:apache /var/www/html -R", "hint": "", "answer": "/var/www/html\u30c7\u30a3\u30ec\u30af\u30c8\u30ea\u306e\u6240\u6709\u8005:\u30b0\u30eb\u30fc\u30d7\u3092apache:apache\u306b\u5909\u66f4", "created_at": "2020-11-02T05:58:05.331Z", "updated_at": "2020-11-02T05:58:05.331Z", "note": 19}}, {"model": "notepad.question", "pk": 164, "fields": {"question": "\u969c\u5bb3\u767a\u751f\u6642\u306e\u554f\u984c\u5207\u308a\u5206\u3051", "hint": "", "answer": "1. \u30af\u30e9\u30a4\u30a2\u30f3\u30c8\u306f\u30cd\u30c3\u30c8\u306b\u3064\u306a\u304c\u3063\u3066\u3044\u308b\u304b\r\n2. DNS\u306e\u540d\u524d\u89e3\u6c7a\u304c\u884c\u308f\u308c\u3066\u3044\u308b\u304b\r\n3. ping\u5fdc\u7b54\u3067\u304d\u308b\u304b\r\n4. http\u63a5\u7d9a\u3067\u304d\u308b\u304b\uff08telnet\uff09\r\n5. \u30a2\u30d7\u30ea\u30b1\u30fc\u30b7\u30e7\u30f3\u306b\u554f\u984c\u304c\u306a\u3044\u304b", "created_at": "2020-11-03T00:54:11.411Z", "updated_at": "2020-11-03T00:54:11.411Z", "note": 19}}, {"model": "notepad.question", "pk": 165, "fields": {"question": "traceroute www.example.com", "hint": "", "answer": "\u30cd\u30c3\u30c8\u30ef\u30fc\u30af\u306e\u9053\u7b4b\u3092\u793a\u3059\u3002\r\n\u6b63\u3057\u304f\u30eb\u30fc\u30c6\u30a3\u30f3\u30b0\u3055\u308c\u3066\u308b\u304b\uff08NAT\u30b2\u30fc\u30c8\u30a6\u30a7\u30a4\u3092\u7d4c\u7531\u3057\u3066\u3044\u308b\u304b\u3001\u306a\u3069\uff09\u306e\u5834\u9762\u3067\u5229\u7528\u3059\u308b\u3002", "created_at": "2020-11-03T00:57:38.689Z", "updated_at": "2020-11-03T00:58:04.221Z", "note": 19}}, {"model": "notepad.question", "pk": 166, "fields": {"question": "\u30c7\u30d7\u30ed\u30a4\u306e\u6d41\u308c", "hint": "", "answer": "1. VPC/EC2\u306e\u7acb\u3061\u4e0a\u3052\r\n2.", "created_at": "2020-11-04T02:59:16.887Z", "updated_at": "2020-11-04T02:59:16.887Z", "note": 1}}, {"model": "notepad.question", "pk": 167, "fields": {"question": "sudo yum update -y", "hint": "", "answer": "Amazon Linux2\u3092\u30a2\u30c3\u30d7\u30c7\u30fc\u30c8", "created_at": "2020-11-04T12:15:42.434Z", "updated_at": "2020-11-04T12:15:42.434Z", "note": 19}}, {"model": "notepad.question", "pk": 168, "fields": {"question": "sudo timedatectl set-timezone Asia/Tokyo", "hint": "", "answer": "\u30bf\u30a4\u30e0\u30be\u30fc\u30f3\u3092UTC\u304b\u3089JST\u306b\u5909\u66f4\r\n-------------------\r\n$ date\r\n2020\u5e74 11\u6708  4\u65e5 \u6c34\u66dc\u65e5 12:16:27 UTC\r\n\r\n$ sudo timedatectl set-timezone Asia/Tokyo\r\n\r\n$ date\r\n2020\u5e74 11\u6708  4\u65e5 \u6c34\u66dc\u65e5 21:17:34 JST\r\n--------------------", "created_at": "2020-11-04T12:19:04.331Z", "updated_at": "2020-11-04T12:19:04.331Z", "note": 19}}, {"model": "notepad.question", "pk": 169, "fields": {"question": "sudo localectl set-locale LANG=ja_JP.UTF-8", "hint": "", "answer": "\u8a00\u8a9e\u8a2d\u5b9a\u3092\u65e5\u672c\u8a9e\u306b\u5909\u66f4\r\n-------------------\r\n$ localectl status\r\nSystem Locale: LANG=en_US.UTF-8\r\n\r\n$ sudo localectl set-locale LANG=ja_JP.UTF-8\r\n\r\n$ localectl status\r\nSystem Locale: LANG=ja_JP.UTF-8\r\n--------------------", "created_at": "2020-11-04T12:23:39.251Z", "updated_at": "2020-11-04T12:23:39.251Z", "note": 19}}, {"model": "notepad.question", "pk": 170, "fields": {"question": "sudo yum install python3", "hint": "", "answer": "install python", "created_at": "2020-11-04T14:04:00.969Z", "updated_at": "2020-11-04T14:04:00.969Z", "note": 19}}, {"model": "notepad.question", "pk": 171, "fields": {"question": "curl -kL https://bootstrap.pypa.io/get-pip.py | python", "hint": "", "answer": "install pip", "created_at": "2020-11-05T02:15:22.912Z", "updated_at": "2020-11-05T02:15:22.912Z", "note": 19}}, {"model": "notepad.question", "pk": 172, "fields": {"question": "amazon-linux-extras list | grep postgresql", "hint": "", "answer": "\u30a4\u30f3\u30b9\u30c8\u30fc\u30eb\u3067\u304d\u308bpostgresql\u3092\u8868\u793a", "created_at": "2020-11-05T02:48:52.130Z", "updated_at": "2020-11-05T02:48:52.130Z", "note": 19}}, {"model": "notepad.question", "pk": 173, "fields": {"question": "sudo amazon-linux-extras install postgresql11", "hint": "", "answer": "install PostgreSQL 11", "created_at": "2020-11-05T02:49:30.951Z", "updated_at": "2020-11-05T02:49:30.951Z", "note": 19}}, {"model": "notepad.question", "pk": 174, "fields": {"question": ":100", "hint": "", "answer": "100\u884c\u76ee\u306b\u79fb\u52d5", "created_at": "2020-11-05T04:24:45.110Z", "updated_at": "2020-11-05T04:24:45.110Z", "note": 13}}, {"model": "notepad.question", "pk": 175, "fields": {"question": "{", "hint": "", "answer": "\u6b21\u306e\u30d6\u30ed\u30c3\u30af\u306b\u79fb\u52d5\uff08\u4e0a\uff09", "created_at": "2020-11-05T04:31:37.167Z", "updated_at": "2020-11-05T04:31:37.167Z", "note": 13}}, {"model": "notepad.question", "pk": 177, "fields": {"question": "sudo yum install postgresql-server", "hint": "", "answer": "install postgres server package", "created_at": "2020-11-05T05:40:11.232Z", "updated_at": "2020-11-05T05:40:11.232Z", "note": 19}}, {"model": "notepad.question", "pk": 178, "fields": {"question": "sudo postgresql-setup initdb", "hint": "", "answer": "postgres\u306e\u521d\u671f\u5316", "created_at": "2020-11-05T05:49:10.607Z", "updated_at": "2020-11-05T05:49:10.607Z", "note": 19}}, {"model": "notepad.question", "pk": 179, "fields": {"question": "sudo systemctl enable postgresql", "hint": "", "answer": "postgres\u306e\u81ea\u52d5\u8d77\u52d5", "created_at": "2020-11-05T05:49:57.076Z", "updated_at": "2020-11-05T05:49:57.076Z", "note": 19}}, {"model": "notepad.question", "pk": 180, "fields": {"question": "sudo systemctl start postgresql", "hint": "", "answer": "run postgres", "created_at": "2020-11-05T05:53:05.975Z", "updated_at": "2020-11-05T05:53:05.975Z", "note": 19}}, {"model": "notepad.question", "pk": 181, "fields": {"question": "sudo -u postgres -i psql\r\ncreate user \"user_name\" with password 'password';\r\ncreate database db_name owner user_name;", "hint": "", "answer": "- postgres\u306ecofig\u8d77\u52d5\r\n- \u30e6\u30fc\u30b6\u4f5c\u6210\r\n- DB\u4f5c\u6210", "created_at": "2020-11-05T05:59:58.313Z", "updated_at": "2020-11-07T02:16:31.537Z", "note": 19}}, {"model": "notepad.question", "pk": 182, "fields": {"question": "sudo useradd user_name", "hint": "", "answer": "add user", "created_at": "2020-11-06T03:42:51.594Z", "updated_at": "2020-11-06T03:42:51.594Z", "note": 19}}, {"model": "notepad.question", "pk": 183, "fields": {"question": "sudo cp -arp /home/ec2-user/.ssh /home/user_name", "hint": "", "answer": "ec2-user\u306e.ssh\u3092user_name\u306b\u30b3\u30d4\u30fc", "created_at": "2020-11-06T03:46:11.145Z", "updated_at": "2020-11-06T03:46:11.145Z", "note": 19}}, {"model": "notepad.question", "pk": 184, "fields": {"question": "sudo chown -R user_name /home/user_name/.ssh", "hint": "", "answer": "user_name/.ssh\u306e\u6240\u6709\u8005\u3092user_name\u306b\u3059\u308b", "created_at": "2020-11-06T03:49:12.029Z", "updated_at": "2020-11-06T03:49:12.029Z", "note": 19}}, {"model": "notepad.question", "pk": 186, "fields": {"question": "sudo visudo -f /etc/sudoers.d/90-cloud-init-users", "hint": "", "answer": "sudoers(sudo\u6a29\u9650)\u3092\u7de8\u96c6\u3059\u308b\r\n\r\n------------------\r\n# User rules for ec2-user\r\n# ec2-user ALL=(ALL) NOPASSWD:ALL\r\nuser_name ALL=(ALL) NOPASSWD:ALL\r\n------------------", "created_at": "2020-11-06T03:58:46.211Z", "updated_at": "2020-11-06T03:58:46.211Z", "note": 19}}, {"model": "notepad.question", "pk": 187, "fields": {"question": "sudo su -", "hint": "", "answer": "\u73fe\u5728\u306e\u30e6\u30fc\u30b6\u3092root\u306b\u5207\u308a\u66ff\u3048\u308b", "created_at": "2020-11-06T04:49:55.198Z", "updated_at": "2020-11-06T04:49:55.198Z", "note": 19}}, {"model": "notepad.question", "pk": 188, "fields": {"question": "sudo userdel -r ec2-user", "hint": "", "answer": "ec2-user\u3092\u524a\u9664", "created_at": "2020-11-06T04:58:03.012Z", "updated_at": "2020-11-06T04:58:03.012Z", "note": 19}}, {"model": "notepad.question", "pk": 189, "fields": {"question": "EC2\u306e\u69cb\u7bc9\u624b\u9806", "hint": "", "answer": "- Linux\u3092\u30a2\u30c3\u30d7\u30c7\u30fc\u30c8\r\n- \u30bf\u30a4\u30e0\u30be\u30fc\u30f3\u3068\u8a00\u8a9e\u3092\u8a2d\u5b9a\r\n- Linux\u306b\u30e6\u30fc\u30b6\u3092\u8ffd\u52a0\r\n- Python\u3068Postgres\u3092\u30a4\u30f3\u30b9\u30c8\u30fc\u30eb\r\n- Postgres\u306e\u81ea\u52d5\u8d77\u52d5\u3001\u30e6\u30fc\u30b6\u3001db\u306e\u4f5c\u6210\r\n- \u30d7\u30ed\u30b8\u30a7\u30af\u30c8\u3092\u30af\u30ed\u30fc\u30f3\r\n- \u74b0\u5883\u5909\u6570\u3092\u8a2d\u5b9a\r\n- logs, static, media\u30c7\u30a3\u30ec\u30af\u30c8\u30ea\u3092\u4f5c\u6210\r\n- Nginx\u306e\u30a4\u30f3\u30b9\u30c8\u30fc\u30eb\r\n- gunicorn\u3092\u8d77\u52d5\r\n- \u30d0\u30c3\u30c1\u51e6\u7406\uff08cron\uff09\u3092\u8a2d\u5b9a\r\n- IP\u30a2\u30c9\u30ec\u30b9\u3068\u30c9\u30e1\u30a4\u30f3\u306e\u7d50\u3073\u3064\u3051\r\n- ALLOWED_HOSTS\u306e\u7de8\u96c6\r\n- https", "created_at": "2020-11-07T01:33:14.219Z", "updated_at": "2020-11-11T06:31:04.579Z", "note": 19}}, {"model": "notepad.question", "pk": 190, "fields": {"question": "sudo mkdir -p /usr/share/nginx/html/static\r\nsudo mkdir /usr/share/nginx/html/media", "hint": "", "answer": "Nginx\u306e\u30c9\u30ad\u30e5\u30e1\u30f3\u30c8\u30eb\u30fc\u30c8\u306b\u3001static\u3068media\u30c7\u30a3\u30ec\u30af\u30c8\u30ea\u3092\u4f5c\u6210", "created_at": "2020-11-07T12:48:00.966Z", "updated_at": "2020-11-07T12:48:00.966Z", "note": 19}}, {"model": "notepad.question", "pk": 191, "fields": {"question": "sudo chown user_name /usr/share/nginx/html/static\r\nsudo chown user_name /usr/share/nginx/html/media", "hint": "", "answer": "\u5404\u30c7\u30a3\u30ec\u30af\u30c8\u30ea\u306e\u6240\u6709\u8005\u3092user_name\u306b\u3059\u308b\u3002\r\n\r\n----------\r\n\u3053\u306e\u5f8c\u306bpython3 manage.py collectstatic\u3092\u5b9f\u884c\u3059\u308b\r\n----------", "created_at": "2020-11-07T12:49:31.646Z", "updated_at": "2020-11-07T12:55:31.414Z", "note": 19}}, {"model": "notepad.question", "pk": 192, "fields": {"question": "amazon-linux-extras list | grep nginx\r\nsudo amazon-linux-extras install nginx1", "hint": "", "answer": "list up nginx\r\ninstall nginx", "created_at": "2020-11-08T05:35:22.358Z", "updated_at": "2020-11-08T05:35:22.358Z", "note": 19}}, {"model": "notepad.question", "pk": 193, "fields": {"question": "sudo vim /etc/nginx/nginx.conf", "hint": "", "answer": "edit Nginx config", "created_at": "2020-11-08T05:40:13.161Z", "updated_at": "2020-11-08T05:40:13.161Z", "note": 19}}, {"model": "notepad.question", "pk": 194, "fields": {"question": "\u30c7\u30a3\u30ec\u30af\u30c6\u30a3\u30d6", "hint": "", "answer": "Nginx\u306e\u8a2d\u5b9a\u9805\u76ee\u306e\u3053\u3068\r\n\r\n---------------\r\n# events\u3084http\u306a\u3069\u304c\u30c7\u30a3\u30ec\u30af\u30c6\u30a3\u30d6\r\n\r\nevents {\r\n    ...\r\n}\r\n\r\nhttp {\r\n    ....\r\n}\r\n----------------", "created_at": "2020-11-08T05:42:04.725Z", "updated_at": "2020-11-08T05:42:50.759Z", "note": 19}}, {"model": "notepad.question", "pk": 195, "fields": {"question": "sudo systemctl enable nginx.service\r\nsudo systemctl start nginx.service\r\nsystemctl status nginx.service", "hint": "", "answer": "- \u81ea\u52d5\u8d77\u52d5\u8a2d\u5b9a\r\n- Nginx\u3092\u8d77\u52d5\r\n- Nginx\u306e\u7a3c\u50cd\u72b6\u6cc1\u3092\u78ba\u8a8d", "created_at": "2020-11-08T06:05:26.633Z", "updated_at": "2020-11-08T06:05:26.633Z", "note": 19}}, {"model": "notepad.question", "pk": 196, "fields": {"question": "gunicorn --bind 127.0.0.1:8000 config.wsgi -D", "hint": "", "answer": "--bind: 127.0.0.1:8000\u3068\u7d50\u3073\u3064\u3051\u308b\r\n-D: \u30d0\u30c3\u30af\u30b0\u30e9\u30a6\u30f3\u30c9\uff08\u30c7\u30fc\u30e2\u30f3\u30e2\u30fc\u30c9\uff09\u3067\u8d77\u52d5", "created_at": "2020-11-08T06:49:47.028Z", "updated_at": "2020-11-08T06:53:20.082Z", "note": 19}}, {"model": "notepad.question", "pk": 197, "fields": {"question": "ps ax | grep gunicorn\r\npkill gunicorn", "hint": "", "answer": "- Gunicorn\u306e\u78ba\u8a8d\r\n- stop Gunicorn", "created_at": "2020-11-08T06:55:32.034Z", "updated_at": "2020-11-08T06:55:32.034Z", "note": 19}}, {"model": "notepad.question", "pk": 198, "fields": {"question": "crontab -e", "hint": "\u767b\u9332\u3057\u305f\u30b3\u30de\u30f3\u30c9\u3092\u81ea\u52d5\u3067\u5b9f\u884c\u3059\u308b\u6a5f\u80fd", "answer": "0 4 * * * source ~/.venvs/wordbook_app/bin/activate; python3 ~/wordbook_app/manage.py dumpdata accounts > ~/wordbook_app/accounts/fixtures/accounts.json; python3 ~/wordbook_app/manage.py dumpdata notepad > ~/wordbook_app/notepad/fixtures/wordbook.json;", "created_at": "2020-11-11T05:21:11.560Z", "updated_at": "2020-11-11T05:21:11.560Z", "note": 19}}, {"model": "notepad.question", "pk": 199, "fields": {"question": "git clone https://github.com/certbot/certbot.git\r\nsudo yum install python-virtualenv", "hint": "", "answer": "certbot\u3092\u30a4\u30f3\u30b9\u30c8\u30fc\u30eb\r\ncertbot\u7528\u306evirtualenv\u3092\u30a4\u30f3\u30b9\u30c8\u30fc\u30eb", "created_at": "2020-11-12T11:24:21.073Z", "updated_at": "2020-11-12T11:24:21.073Z", "note": 19}}, {"model": "notepad.question", "pk": 200, "fields": {"question": "Let's encrypt\u306e\u624b\u9806", "hint": "", "answer": "certbot\u3092\u30af\u30ed\u30fc\u30f3\r\nvirtualenv\u3092\u30a4\u30f3\u30b9\u30c8\u30fc\u30eb\r\nNginx\u306b\u8a2d\u5b9a\u3092\u8ffd\u52a0\u3057\u30ea\u30ed\u30fc\u30c9\r\nSSL\u8a3c\u660e\u66f8\u306e\u767a\u884c", "created_at": "2020-11-12T11:37:08.968Z", "updated_at": "2020-11-12T11:37:08.968Z", "note": 19}}, {"model": "notepad.question", "pk": 202, "fields": {"question": "sudo yum install https://dl.fedoraproject.org/pub/epel/epel-release-latest-7.noarch.rpm\r\nsudo yum-config-manager --enable epel*\r\nsudo yum repolist all\r\nsudo yum install certbot python2-certbot-nginx\r\nsudo certbot certonly --nginx", "hint": "", "answer": "EPEL7\u3092\u30a4\u30f3\u30b9\u30c8\u30fc\u30eb\r\nEPEL\u306e\u6709\u52b9\u5316\r\n\u6709\u52b9\u5316\u3055\u308c\u3066\u308b\u304b\u78ba\u8a8d\r\ncertbot\u306e\u30a4\u30f3\u30b9\u30c8\u30fc\u30eb\r\nnginx.conf\u306e\u7de8\u96c6\u306f\u629c\u304d\u306bSSL\u8a3c\u660e\u3092\u767a\u884c", "created_at": "2020-11-12T13:03:59.450Z", "updated_at": "2020-11-12T13:03:59.450Z", "note": 19}}, {"model": "notepad.question", "pk": 203, "fields": {"question": "Git\u3068\u306f\u4f55\u3067\u3057\u3087\u3046\u304b\uff1f", "hint": "", "answer": "\u5206\u6563\u578b\u306e\u30d0\u30fc\u30b8\u30e7\u30f3\u7ba1\u7406\u30bd\u30d5\u30c8\u3067\u3059\u3002", "created_at": "2020-11-16T07:35:29.686Z", "updated_at": "2020-11-16T07:35:29.686Z", "note": 36}}, {"model": "notepad.question", "pk": 204, "fields": {"question": "Docker\u3068\u306f", "hint": "", "answer": "\u30a2\u30d7\u30ea\u30b1\u30fc\u30b7\u30e7\u30f3\u306a\u3069\u3092\u4eee\u60f3\u7684\u306b\u9694\u7d76\u3057\u5b9f\u884c\u3059\u308b\u30bd\u30d5\u30c8\u30a6\u30a7\u30a2", "created_at": "2020-11-19T07:22:25.183Z", "updated_at": "2020-11-19T07:22:25.183Z", "note": 40}}, {"model": "notepad.question", "pk": 205, "fields": {"question": "\u30b3\u30f3\u30c6\u30ca", "hint": "", "answer": "\u30bd\u30d5\u30c8\u3084\u30e9\u30a4\u30d6\u30e9\u30ea\u3092\u307e\u3068\u3081\u305f\u5358\u4f4d", "created_at": "2020-11-19T07:25:11.722Z", "updated_at": "2020-11-19T07:25:11.722Z", "note": 40}}, {"model": "notepad.question", "pk": 206, "fields": {"question": "\u30a4\u30e1\u30fc\u30b8", "hint": "", "answer": "OS\u3084\u30bd\u30d5\u30c8\u30a6\u30a7\u30a2\u3001\u30e9\u30a4\u30d6\u30e9\u30ea\u306a\u3069\u3092\u307e\u3068\u3081\u305f\u3082\u306e\u3002\r\n\u30b3\u30f3\u30c6\u30ca\u306f\u30a4\u30e1\u30fc\u30b8\u3092\u5143\u306b\u4f5c\u6210\u3059\u308b", "created_at": "2020-11-19T07:26:04.343Z", "updated_at": "2020-11-19T07:26:04.343Z", "note": 40}}, {"model": "notepad.question", "pk": 207, "fields": {"question": "- image\r\ndocker pull ubuntu:20.04\r\ndocker images\r\ndocker rmi d70eaf7277ea\r\n\r\n- container\r\ndocker run -it ubuntu:20.04 /bin/bash\r\ndocker run -it --name=docker_test ubuntu:20.04 /bin/bash\r\ndocker rm 30c7da461f7e", "hint": "", "answer": "\u30a4\u30e1\u30fc\u30b8\u3092\u30c0\u30a6\u30f3\u30ed\u30fc\u30c9\r\n\u30a4\u30e1\u30fc\u30b8\u4e00\u89a7\r\n\u30a4\u30e1\u30fc\u30b8\u3092\u524a\u9664\r\n\r\nubuntu\u30b3\u30f3\u30c6\u30ca\u3092\u4f5c\u6210\u3057bash\u8d77\u52d5\r\nubuntu\u30b3\u30f3\u30c6\u30ca\u306b\u540d\u524d\u3092\u3064\u3051\u3066\u8d77\u52d5\r\nubuntu\u30b3\u30f3\u30c6\u30ca\u524a\u9664", "created_at": "2020-11-19T07:26:36.090Z", "updated_at": "2020-11-19T08:39:19.132Z", "note": 40}}, {"model": "notepad.question", "pk": 208, "fields": {"question": "docker ps\r\ndocker ps -a\r\ndocker ps -q\r\ndocker ps -l\r\ndocker ps  -lq", "hint": "", "answer": "\u8d77\u52d5\u4e2d\u306e\u30b3\u30f3\u30c6\u30ca\u3092\u8868\u793a\r\n\u5168\u3066\u306e\u30b3\u30f3\u30c6\u30ca\u3092\u8868\u793a\r\n\u30b3\u30f3\u30c6\u30caID\u3092\u8868\u793a\r\n\u6700\u5f8c\u306b\u751f\u6210\u3057\u305f\u30b3\u30f3\u30c6\u30ca\u3092\u8868\u793a\r\n\u6700\u5f8c\u306b\u751f\u6210\u3057\u305f\u30b3\u30f3\u30c6\u30caID\u3092\u8868\u793a", "created_at": "2020-11-19T07:32:38.187Z", "updated_at": "2020-11-19T07:55:00.128Z", "note": 40}}, {"model": "notepad.question", "pk": 209, "fields": {"question": "docker start -ai 5fd0bfa0e112\r\ndocker start -ai $(docker ps -lq)\r\ndocker stop 5fd0bfa0e112\r\ndocker kill 5fd0bfa0e112", "hint": "", "answer": "\u6a19\u6e96\u51fa\u529b\u3092\u7528\u3044\u3066ubuntu\u306ebash\u3092\u8d77\u52d5\r\n\u6700\u5f8c\u306b\u4f5c\u6210\u3057\u305f\u30b3\u30f3\u30c6\u30ca\u3092\u8d77\u52d5\r\n\u30b3\u30f3\u30c6\u30ca\u3092\u7d42\u4e86\r\n\u30b3\u30f3\u30c6\u30ca\u3092\u5f37\u5236\u7d42\u4e86", "created_at": "2020-11-19T07:50:52.903Z", "updated_at": "2020-11-20T04:27:33.161Z", "note": 40}}, {"model": "notepad.question", "pk": 211, "fields": {"question": "apt update\r\napt install iputils-ping\r\napt clean\r\nrm -rf /var/lib/apt/lists/*", "hint": "", "answer": "apt\u30ea\u30dd\u30b8\u30c8\u30ea\u306e\u30ea\u30b9\u30c8\u3092\u66f4\u65b0\r\n\u30ea\u30dd\u30b8\u30c8\u30ea\u304b\u3089ping\u3092\u30a4\u30f3\u30b9\u30c8\u30fc\u30eb\r\napt\u306e\u30ad\u30e3\u30c3\u30b7\u30e5\u3092\u524a\u9664\r\napt\u30ea\u30dd\u30b8\u30c8\u30ea\u306e\u30ea\u30b9\u30c8\u3092\u524a\u9664\uff08\u30b3\u30f3\u30c6\u30ca\u8efd\u91cf\u5316\u306e\u305f\u3081\uff09", "created_at": "2020-11-19T09:00:16.990Z", "updated_at": "2020-11-19T09:00:16.990Z", "note": 40}}, {"model": "notepad.question", "pk": 212, "fields": {"question": "Ctrl + P\r\nCtrl + Q\r\ndocker attach 3f648cad93c8", "hint": "\u30b3\u30f3\u30c6\u30ca\u306e\u30b3\u30de\u30f3\u30c9", "answer": "\u30b3\u30f3\u30c6\u30ca\u306e\u30c7\u30bf\u30c3\u30c1\uff08\u30d0\u30c3\u30af\u30b0\u30e9\u30f3\u30c9\u3067\u30b3\u30f3\u30c6\u30ca\u306f\u8d77\u52d5\u4e2d\uff09\r\n\r\n\u30b3\u30f3\u30c6\u30ca\u306e\u30a2\u30bf\u30c3\u30c1", "created_at": "2020-11-19T09:03:10.901Z", "updated_at": "2020-11-19T09:05:40.959Z", "note": 40}}, {"model": "notepad.question", "pk": 213, "fields": {"question": "- create image\r\ndocker commit 3f648cad93c8 image_name\r\ndocker tag old_name:old_tag new_name:new_tag", "hint": "", "answer": "\u30b3\u30f3\u30c6\u30ca\u304b\u3089image_name\u30a4\u30e1\u30fc\u30b8\u3092\u4f5c\u6210\r\nold_name\u30a4\u30e1\u30fc\u30b8\u306e\u540d\u524d\u3092new_name\u306b\u5909\u66f4", "created_at": "2020-11-19T09:18:56.539Z", "updated_at": "2020-11-19T09:47:09.758Z", "note": 40}}, {"model": "notepad.question", "pk": 214, "fields": {"question": "tar\u30d5\u30a1\u30a4\u30eb", "hint": "", "answer": "Linux\u3067\u6271\u308f\u308c\u308b\u30a2\u30fc\u30ab\u30a4\u30d6\u30d5\u30a1\u30a4\u30eb\r\n\r\n\u30a2\u30fc\u30ab\u30a4\u30d6: \u8907\u6570\u306e\u30d5\u30a1\u30a4\u30eb\u3092\u4e00\u3064\u306b\u307e\u3068\u3081\u305f\u3082\u306e\u3002zip\u306a\u3069\u3002", "created_at": "2020-11-19T10:17:47.450Z", "updated_at": "2020-11-19T10:17:47.450Z", "note": 40}}, {"model": "notepad.question", "pk": 215, "fields": {"question": "- create tar\r\ndocker save image_name:latest > save_test.tar\r\ndocker export container_name > export_test.tar\r\n\r\n- load tar\r\ndocker load < save_test.tar\r\ndocker import export_test.tar", "hint": "- save\u3068export\u306e\u9055\u3044\r\nsave\u306f\u89aa\u306e\u30a4\u30e1\u30fc\u30b8\u60c5\u5831\u3092\u6301\u3064\u304c\u3001export\u306f\u65b0\u3057\u3044\u30a4\u30e1\u30fc\u30b8\u306b\u306a\u308b", "answer": "tar\u30d5\u30a1\u30a4\u30eb\u306e\u4f5c\u6210\r\nimage\u306e\u5fa9\u5143\r\n\r\n--------------\r\n- save: \u89aa\u306e\u30a4\u30e1\u30fc\u30b8\u3092\u6301\u3064\r\nREPOSITORY          TAG                 IMAGE ID\r\nubuntu_test         1.0                 20613964bd0b\r\n\r\n- export: \u65b0\u3057\u3044\u30a4\u30e1\u30fc\u30b8\r\nREPOSITORY          TAG                 IMAGE ID\r\n<none>              <none>              72d7fb32cf57", "created_at": "2020-11-19T10:27:44.407Z", "updated_at": "2020-11-19T10:50:12.495Z", "note": 40}}, {"model": "notepad.question", "pk": 216, "fields": {"question": "tar\u30d5\u30a1\u30a4\u30eb\u3092\u5171\u6709\u3057\u3066\u958b\u767a\u3059\u308b\u624b\u9806", "hint": "import\u3059\u308b\u5ea6\u306b\u65b0\u305f\u306aIMAGEID\u304c\u751f\u6210\u3055\u308c\u308b\r\n\u3053\u308c\u3092\u907f\u3051\u308b\u305f\u3081\u306bsave\u304c\u7406\u60f3\u3060\u304c\u3001\u30ec\u30a4\u30e4\u30fc\u4fdd\u6301\u4e0a\u9650\u306e\u554f\u984c\u304c\u8d77\u3053\u308b\r\n\r\n=> save\u3068export\u3092\u4e0a\u624b\u304f\u6271\u3046\u5fc5\u8981\u304c\u3042\u308b", "answer": "- image\u3092export\u3059\u308b\r\n- import\u3059\u308b\r\n- image\u3068tag\u306e\u540d\u524d\u3092\u8a2d\u5b9a\r\n- save\u3059\u308b\r\n- save\u3057\u305ftar\u30d5\u30a1\u30a4\u30eb\u3092\u958b\u767a\u8005\u306b\u5171\u6709\u3057\u3001load\u3059\u308b", "created_at": "2020-11-19T11:01:08.344Z", "updated_at": "2020-11-19T11:01:08.344Z", "note": 40}}, {"model": "notepad.question", "pk": 217, "fields": {"question": "docker run -p 8080:80 -d httpd\r\ndocker run -p 80:80 -d --name=apache_mount -v /root/WebContents/:/usr/local/apache2/htdocs/ httpd", "hint": "", "answer": "apache\u306e\u8d77\u52d5\r\n\r\n-p \u30db\u30b9\u30c8port:\u30b3\u30f3\u30c6\u30caport\r\n-d \u30c7\u30bf\u30c3\u30c1\u30e2\u30fc\u30c9\u3067\u8d77\u52d5\r\n-v \u30db\u30b9\u30c8directory:\u30b3\u30f3\u30c6\u30cadirectory (\u30de\u30a6\u30f3\u30c8)", "created_at": "2020-11-20T04:17:07.352Z", "updated_at": "2020-11-20T06:16:45.998Z", "note": 40}}, {"model": "notepad.question", "pk": 218, "fields": {"question": "- data volume\r\ndocker volume create --name=ubuntu_dv\r\ndocker volume ls\r\ndocker volume rm ubuntu_dv\r\n\r\n- run\r\ndocker run -it -v ubuntu_dv:/tmp ubuntu /bin/bash", "hint": "", "answer": "ubuntu_dv\u3068\u3044\u3046\u540d\u306e\u30c7\u30fc\u30bf\u30dc\u30ea\u30e5\u30fc\u30e0\u3092\u4f5c\u6210\r\n\u30c7\u30fc\u30bf\u30dc\u30ea\u30e5\u30fc\u30e0\u4e00\u89a7\r\n\u30c7\u30fc\u30bf\u30dc\u30ea\u30e5\u30fc\u30e0\u524a\u9664\r\n\r\nubuntu_dv\u3092\u30c7\u30fc\u30bf\u30dc\u30ea\u30e5\u30fc\u30e0\u306b\u3057bash\u8d77\u52d5", "created_at": "2020-11-20T07:02:38.405Z", "updated_at": "2020-11-20T07:47:35.918Z", "note": 40}}, {"model": "notepad.question", "pk": 219, "fields": {"question": "- data volume container\r\ndocker volume create ubuntu-dv\r\ndocker run --name=dv-container  -v ubuntu-dv:/tmp ubuntu\r\n\r\n- connect volume container\r\ndocker run -it --volumes-from dv-container --name=web-server ubuntu /bin/bash", "hint": "", "answer": "\u30c7\u30fc\u30bf\u30dc\u30ea\u30e5\u30fc\u30e0\u30fb\u30b3\u30f3\u30c6\u30ca\u306e\u4f5c\u6210\r\n\r\n\u30c7\u30fc\u30bf\u30dc\u30ea\u30e5\u30fc\u30e0\u30fb\u30b3\u30f3\u30c6\u30ca\u3068\u7d50\u3073\u3064\u3051\u3066\u8d77\u52d5", "created_at": "2020-11-20T09:35:06.777Z", "updated_at": "2020-11-20T09:56:03.976Z", "note": 40}}, {"model": "notepad.question", "pk": 220, "fields": {"question": "- backup data volume\r\ndocker run --volumes-from dv-container -v /root/:/backup --name=dv-bkup ubuntu tar cvf /backup/dv-bkup.tar -C / tmp\r\n\r\n- restore data volume\r\ndocker run --volumes-from dv-container -v /root/:/backup --name=dv-resotre ubuntu tar xvf /backup/dv-bkup.tar -C /", "hint": "tar cvf $$$ => $$$\u3068\u3044\u3046tar\u30d5\u30a1\u30a4\u30eb\u3092\u4f5c\u6210\r\ntar xvf $$$ => $$$\u304b\u3089object\u3092\u5fa9\u5143\r\n-C $$$ @@@ => $$$\u306b\u79fb\u52d5(cd)\u3057@@@\u306btar cvf\u3092\u5b9f\u884c", "answer": "dv-container\u304b\u3089dv-bkup.tar\u3092root\u3078\u30d0\u30c3\u30af\u30a2\u30c3\u30d7\u3059\u308b\u30b3\u30f3\u30c6\u30ca\u3092\u8d77\u52d5\r\nroot\u306edv-bkup.tar\u3092dv-container\u306b\u5fa9\u5143\u3059\u308b\u30b3\u30f3\u30c6\u30ca\u3092\u8d77\u52d5", "created_at": "2020-11-20T16:00:55.247Z", "updated_at": "2020-11-20T16:17:10.151Z", "note": 40}}, {"model": "notepad.question", "pk": 221, "fields": {"question": "- Dockerfile\r\nmkdir docker_file\r\ncd docker_file\r\nvim Dockerfile\r\ndocker build -t ping-ubuntu .\r\ndocker run -it --name=docker-file ubuntu /bin/bash", "hint": "Dockerfile\u306e\u6ce8\u610f\u70b9\r\n- \u30d5\u30a1\u30a4\u30eb\u540d\u306fDockerfile\u306b\u3059\u308b\r\n- Dockerfile\u4ee5\u5916\u306e\u30d5\u30a1\u30a4\u30eb\u3092\u7f6e\u304b\u306a\u3044\uff08\u65b0\u305f\u306a\u30c7\u30a3\u30ec\u30af\u30c8\u30ea\u3092\u4f5c\u6210\u3059\u308b\uff09", "answer": "Dockerfile\u3092\u7f6e\u304f\u30c7\u30a3\u30ec\u30af\u30c8\u30ea\u3092\u4f5c\u6210\r\nDockerfile\u306e\u4f5c\u6210\r\nDockerfile\u304b\u3089\u30a4\u30e1\u30fc\u30b8\u4f5c\u6210\r\n\r\n-t \u30a4\u30e1\u30fc\u30b8\u540d\u3092\u6307\u5b9a", "created_at": "2020-11-21T01:24:26.323Z", "updated_at": "2020-11-21T02:18:46.938Z", "note": 40}}, {"model": "notepad.question", "pk": 223, "fields": {"question": "- vi Dockerfile\r\n# get Ubuntu\r\nFROM ubuntu\r\n\r\n# version\r\nLABEL imageversion=0.0 \\\r\nmaintainer=emori92\r\nlastupdate=2020-11-20\r\n\r\n# create image\r\nRUN apt-get update && apt-get install -y iputils-ping\r\n\r\n# create container\r\nCMD -name /bin/bash\r\n\r\n# volume\r\nVOLUME /tmp\r\n\r\n# port\r\nEXPOSE 80\r\n\r\n# environ\r\nENV DJANGO_SETTINGS_MODULE=config.settings.test", "hint": "Dockerfile\u30ad\u30e3\u30c3\u30b7\u30e5\u306e\u30d9\u30b9\u30c8\u30d7\u30e9\u30af\u30c6\u30a3\u30b9\r\n- Dockerfile\u306f\u3001\u30ea\u30bd\u30fc\u30b9\u6d88\u8cbb\u524a\u6e1b\u306e\u305f\u3081\u30ad\u30e3\u30c3\u30b7\u30e5\u304c\u9069\u7528\u3055\u308c\u308b\r\n- \u4ee5\u524d\u3068\u540c\u3058\u30b3\u30de\u30f3\u30c9\u306f\u305d\u306e\u4e2d\u9593\u30a4\u30e1\u30fc\u30b8\u304c\u518d\u5229\u7528\u3055\u308c\u308b\r\n- \u305d\u306e\u305f\u3081\u3001\u30ea\u30bd\u30fc\u30b9\u6d88\u8cbb\u304c\u6fc0\u3057\u304f\u66f4\u65b0\u983b\u5ea6\u304c\u5c11\u306a\u3044\u3082\u306e\u306fLABEL\u306e\u524d\u306b\u66f8\u304f\r\n- \u9006\u306b\u3001\u66f4\u65b0\u90e8\u5206\u306fLABEL\u306e\u5f8c\u306b\u66f8\u304f\r\n- \u30ad\u30e3\u30c3\u30b7\u30e5\u306e\u6ce8\u610f\u70b9\u3068\u3057\u3066\u3001ADD/COPY\u306f\u30ad\u30e3\u30c3\u30b7\u30e5\u304c\u4f7f\u7528\u3055\u308c\u305a\u65b0\u898f\u30a4\u30e1\u30fc\u30b8\u304c\u4f5c\u6210\u3055\u308c\u308b", "answer": "base\u30a4\u30e1\u30fc\u30b8\u306e\u53d6\u5f97\r\n\u30a4\u30e1\u30fc\u30b8\u4f5c\u6210\r\n\u30b3\u30f3\u30c6\u30ca\u4f5c\u6210\r\n\u30de\u30a6\u30f3\u30c8\r\n\u30dd\u30fc\u30c8\r\n\u74b0\u5883\u5909\u6570\r\n\u30d0\u30fc\u30b8\u30e7\u30f3\u3001\u4f5c\u6210\u8005\u306e\u8ffd\u52a0", "created_at": "2020-11-21T02:34:40.700Z", "updated_at": "2020-11-21T16:32:33.777Z", "note": 40}}, {"model": "notepad.question", "pk": 224, "fields": {"question": "docker logs $(docker ps -lq)", "hint": "", "answer": "\u30b3\u30f3\u30c6\u30ca\u306e\u30ed\u30b0\u3092\u78ba\u8a8d\u3002\r\nSTATUS\u304cExited(100)\u306a\u3069\u7570\u5e38\u7d42\u4e86\u3057\u3066\u3044\u308b\u6642\u306b\u6271\u3046", "created_at": "2020-11-21T16:19:27.586Z", "updated_at": "2020-11-21T16:19:27.586Z", "note": 40}}, {"model": "notepad.question", "pk": 225, "fields": {"question": "apache\u30b3\u30f3\u30c6\u30ca\u306e\u8a2d\u5b9a", "hint": "", "answer": "apache\u30b3\u30f3\u30c6\u30ca\u304b\u3089\u8a2d\u5b9a\u30d5\u30a1\u30a4\u30eb\u3092\u53d6\u5f97\r\n\u8a2d\u5b9a\u30d5\u30a1\u30a4\u30eb\u3092\u7de8\u96c6", "created_at": "2020-11-23T10:01:12.295Z", "updated_at": "2020-11-23T10:01:12.295Z", "note": 40}}, {"model": "notepad.question", "pk": 227, "fields": {"question": "- apache config\r\ndocker run --rm -it -v /root/httpd:/tmp httpd /bin/bash\r\ncp /usr/local/apache2/conf/httpd.conf /tmp\r\n----\r\n-- #CustomLog \"logs/access_log\" combined\r\n++ CustomLog \"logs/access_log\" combined\r\n----", "hint": "--rm \u30b3\u30f3\u30c6\u30ca\u3092\u7d42\u4e86\u5f8c\u306b\u7834\u68c4", "answer": "apache\u30b3\u30f3\u30c6\u30ca\u8d77\u52d5\r\n\u8a2d\u5b9a\u30d5\u30a1\u30a4\u30eb\u3092\u30c7\u30fc\u30bf\u30dc\u30ea\u30e5\u30fc\u30e0\u306b\u30b3\u30d4\u30fc\r\nlog\u306e\u8a2d\u5b9a", "created_at": "2020-11-23T10:18:49.922Z", "updated_at": "2020-11-23T10:18:49.922Z", "note": 40}}, {"model": "notepad.question", "pk": 228, "fields": {"question": "- network\r\ndocker network create network_name\r\ndn ls\r\ndn rm network_name\r\n\r\n- container\r\nd run --net network_name --name=container_name -d httpd", "hint": "", "answer": "docker\u306e\u30cd\u30c3\u30c8\u30ef\u30fc\u30af\u3092\u4f5c\u6210\r\n\u4e00\u89a7\r\n\u524a\u9664\r\n\r\n\u30cd\u30c3\u30c8\u30ef\u30fc\u30af\u3092\u6307\u5b9a\u3057\u3066apache\u3092\u8d77\u52d5", "created_at": "2020-11-26T04:24:22.756Z", "updated_at": "2020-11-26T04:29:19.787Z", "note": 40}}, {"model": "notepad.question", "pk": 229, "fields": {"question": "docker exec -it container_name /bin/bash", "hint": "", "answer": "\u7a3c\u50cd\u4e2d\u306e\u30b3\u30f3\u30c6\u30ca\u306b\u30b3\u30de\u30f3\u30c9\u3092\u5b9f\u884c", "created_at": "2020-11-27T06:49:20.132Z", "updated_at": "2020-11-27T06:49:20.132Z", "note": 40}}, {"model": "notepad.review", "pk": 14, "fields": {"question": 16, "user": 15}}, {"model": "notepad.review", "pk": 17, "fields": {"question": 33, "user": 16}}, {"model": "notepad.review", "pk": 19, "fields": {"question": 22, "user": 15}}, {"model": "notepad.review", "pk": 20, "fields": {"question": 11, "user": 15}}, {"model": "notepad.review", "pk": 28, "fields": {"question": 23, "user": 16}}, {"model": "notepad.review", "pk": 29, "fields": {"question": 21, "user": 16}}, {"model": "notepad.review", "pk": 30, "fields": {"question": 1, "user": 16}}, {"model": "notepad.review", "pk": 32, "fields": {"question": 35, "user": 16}}, {"model": "notepad.review", "pk": 34, "fields": {"question": 10, "user": 15}}, {"model": "notepad.review", "pk": 35, "fields": {"question": 31, "user": 15}}, {"model": "notepad.review", "pk": 36, "fields": {"question": 32, "user": 15}}, {"model": "notepad.review", "pk": 37, "fields": {"question": 33, "user": 15}}, {"model": "notepad.review", "pk": 39, "fields": {"question": 17, "user": 16}}, {"model": "notepad.review", "pk": 40, "fields": {"question": 10, "user": 16}}, {"model": "notepad.review", "pk": 41, "fields": {"question": 6, "user": 17}}, {"model": "notepad.review", "pk": 44, "fields": {"question": 24, "user": 18}}, {"model": "notepad.review", "pk": 45, "fields": {"question": 21, "user": 15}}, {"model": "notepad.review", "pk": 46, "fields": {"question": 37, "user": 15}}, {"model": "notepad.review", "pk": 47, "fields": {"question": 35, "user": 15}}, {"model": "notepad.review", "pk": 51, "fields": {"question": 36, "user": 15}}, {"model": "notepad.review", "pk": 52, "fields": {"question": 38, "user": 15}}, {"model": "notepad.review", "pk": 53, "fields": {"question": 40, "user": 1}}, {"model": "notepad.review", "pk": 55, "fields": {"question": 42, "user": 1}}, {"model": "notepad.review", "pk": 56, "fields": {"question": 87, "user": 15}}, {"model": "notepad.review", "pk": 57, "fields": {"question": 88, "user": 15}}, {"model": "notepad.review", "pk": 58, "fields": {"question": 89, "user": 15}}, {"model": "notepad.review", "pk": 59, "fields": {"question": 90, "user": 15}}, {"model": "notepad.review", "pk": 60, "fields": {"question": 92, "user": 15}}, {"model": "notepad.review", "pk": 64, "fields": {"question": 116, "user": 1}}, {"model": "notepad.review", "pk": 70, "fields": {"question": 115, "user": 1}}, {"model": "notepad.review", "pk": 71, "fields": {"question": 117, "user": 1}}, {"model": "notepad.review", "pk": 72, "fields": {"question": 118, "user": 1}}, {"model": "notepad.review", "pk": 73, "fields": {"question": 113, "user": 1}}, {"model": "notepad.review", "pk": 74, "fields": {"question": 119, "user": 1}}, {"model": "notepad.review", "pk": 75, "fields": {"question": 122, "user": 1}}, {"model": "notepad.review", "pk": 76, "fields": {"question": 123, "user": 1}}, {"model": "notepad.review", "pk": 77, "fields": {"question": 124, "user": 1}}, {"model": "notepad.review", "pk": 78, "fields": {"question": 125, "user": 1}}, {"model": "notepad.review", "pk": 79, "fields": {"question": 126, "user": 1}}, {"model": "notepad.review", "pk": 80, "fields": {"question": 129, "user": 1}}, {"model": "notepad.review", "pk": 81, "fields": {"question": 130, "user": 1}}, {"model": "notepad.review", "pk": 82, "fields": {"question": 131, "user": 1}}, {"model": "notepad.review", "pk": 83, "fields": {"question": 136, "user": 1}}, {"model": "notepad.review", "pk": 84, "fields": {"question": 137, "user": 1}}, {"model": "notepad.review", "pk": 85, "fields": {"question": 138, "user": 1}}, {"model": "notepad.review", "pk": 86, "fields": {"question": 139, "user": 1}}, {"model": "notepad.review", "pk": 87, "fields": {"question": 140, "user": 1}}, {"model": "notepad.review", "pk": 88, "fields": {"question": 145, "user": 1}}, {"model": "notepad.review", "pk": 89, "fields": {"question": 114, "user": 1}}, {"model": "notepad.review", "pk": 90, "fields": {"question": 146, "user": 1}}, {"model": "notepad.review", "pk": 91, "fields": {"question": 164, "user": 1}}, {"model": "notepad.review", "pk": 92, "fields": {"question": 165, "user": 1}}, {"model": "notepad.review", "pk": 93, "fields": {"question": 167, "user": 1}}, {"model": "notepad.review", "pk": 94, "fields": {"question": 168, "user": 1}}, {"model": "notepad.review", "pk": 95, "fields": {"question": 169, "user": 1}}, {"model": "notepad.review", "pk": 96, "fields": {"question": 170, "user": 1}}, {"model": "notepad.review", "pk": 97, "fields": {"question": 171, "user": 1}}, {"model": "notepad.review", "pk": 98, "fields": {"question": 172, "user": 1}}, {"model": "notepad.review", "pk": 119, "fields": {"question": 173, "user": 1}}, {"model": "notepad.review", "pk": 121, "fields": {"question": 177, "user": 1}}, {"model": "notepad.review", "pk": 122, "fields": {"question": 189, "user": 1}}, {"model": "notepad.review", "pk": 123, "fields": {"question": 112, "user": 15}}, {"model": "notepad.star", "pk": 6, "fields": {"note": 14, "user": 15, "liked_at": "2020-07-12T14:27:01.177Z"}}, {"model": "notepad.star", "pk": 8, "fields": {"note": 16, "user": 15, "liked_at": "2020-07-12T14:28:03.147Z"}}, {"model": "notepad.star", "pk": 10, "fields": {"note": 1, "user": 17, "liked_at": "2020-07-12T14:32:54.874Z"}}, {"model": "notepad.star", "pk": 11, "fields": {"note": 17, "user": 17, "liked_at": "2020-07-12T14:33:08.549Z"}}, {"model": "notepad.star", "pk": 14, "fields": {"note": 16, "user": 17, "liked_at": "2020-07-12T14:34:54.588Z"}}, {"model": "notepad.star", "pk": 15, "fields": {"note": 1, "user": 18, "liked_at": "2020-07-12T14:48:43.884Z"}}, {"model": "notepad.star", "pk": 16, "fields": {"note": 13, "user": 18, "liked_at": "2020-07-12T14:48:50.668Z"}}, {"model": "notepad.star", "pk": 17, "fields": {"note": 17, "user": 18, "liked_at": "2020-07-12T14:48:55.121Z"}}, {"model": "notepad.star", "pk": 18, "fields": {"note": 15, "user": 18, "liked_at": "2020-07-12T14:48:59.370Z"}}, {"model": "notepad.star", "pk": 20, "fields": {"note": 1, "user": 16, "liked_at": "2020-07-13T14:15:09.636Z"}}, {"model": "notepad.star", "pk": 21, "fields": {"note": 14, "user": 16, "liked_at": "2020-07-13T14:15:17.249Z"}}, {"model": "notepad.star", "pk": 23, "fields": {"note": 15, "user": 17, "liked_at": "2020-07-14T03:41:30.918Z"}}, {"model": "notepad.star", "pk": 27, "fields": {"note": 17, "user": 16, "liked_at": "2020-07-14T13:26:12.530Z"}}, {"model": "notepad.star", "pk": 29, "fields": {"note": 28, "user": 15, "liked_at": "2020-07-17T14:55:01.344Z"}}, {"model": "notepad.star", "pk": 31, "fields": {"note": 13, "user": 16, "liked_at": "2020-07-27T07:03:15.811Z"}}, {"model": "notepad.star", "pk": 34, "fields": {"note": 5, "user": 1, "liked_at": "2020-08-10T11:40:17.842Z"}}, {"model": "notepad.star", "pk": 35, "fields": {"note": 2, "user": 1, "liked_at": "2020-08-10T11:42:54.271Z"}}, {"model": "notepad.star", "pk": 43, "fields": {"note": 17, "user": 15, "liked_at": "2020-08-21T03:56:12.631Z"}}, {"model": "notepad.star", "pk": 44, "fields": {"note": 1, "user": 15, "liked_at": "2020-08-21T04:18:42.811Z"}}, {"model": "notepad.star", "pk": 46, "fields": {"note": 31, "user": 15, "liked_at": "2020-08-28T09:15:24.983Z"}}, {"model": "notepad.star", "pk": 47, "fields": {"note": 32, "user": 1, "liked_at": "2020-09-01T14:44:58.544Z"}}, {"model": "notepad.star", "pk": 48, "fields": {"note": 33, "user": 15, "liked_at": "2020-09-13T07:36:37.761Z"}}, {"model": "notepad.star", "pk": 49, "fields": {"note": 39, "user": 15, "liked_at": "2020-10-28T15:00:54.090Z"}}, {"model": "notepad.follow", "pk": 10, "fields": {"following": 15, "followed": 16, "followed_at": "2020-07-12T02:19:24.678Z"}}, {"model": "notepad.follow", "pk": 15, "fields": {"following": 15, "followed": 17, "followed_at": "2020-07-12T05:04:47.049Z"}}, {"model": "notepad.follow", "pk": 22, "fields": {"following": 17, "followed": 18, "followed_at": "2020-07-12T11:18:46.781Z"}}, {"model": "notepad.follow", "pk": 28, "fields": {"following": 18, "followed": 16, "followed_at": "2020-07-17T14:17:25.800Z"}}, {"model": "notepad.follow", "pk": 29, "fields": {"following": 18, "followed": 15, "followed_at": "2020-07-17T14:17:30.342Z"}}, {"model": "notepad.follow", "pk": 31, "fields": {"following": 16, "followed": 17, "followed_at": "2020-07-18T02:37:03.712Z"}}, {"model": "notepad.follow", "pk": 41, "fields": {"following": 1, "followed": 15, "followed_at": "2020-08-10T11:43:52.856Z"}}, {"model": "notepad.follow", "pk": 42, "fields": {"following": 1, "followed": 16, "followed_at": "2020-08-10T11:43:56.802Z"}}, {"model": "notepad.follow", "pk": 51, "fields": {"following": 17, "followed": 16, "followed_at": "2020-08-30T04:22:05.198Z"}}, {"model": "notepad.follow", "pk": 52, "fields": {"following": 17, "followed": 15, "followed_at": "2020-08-30T04:22:10.800Z"}}, {"model": "notepad.follow", "pk": 53, "fields": {"following": 17, "followed": 1, "followed_at": "2020-08-30T04:22:23.565Z"}}]